4312,"(['PAGE TITLE: :: Willkommen beim Galabau Lüske in Haselünne/Emsland ::', ['impressum.php'], None], 'Auf dem Höwel, 14 49740 Haselünne')"
4313,"(['2018 Esders GmbH ', ['/bottom/impressum/'], None], 'Hammer-Tannen-Str. 26-30 49740 Haselünne')"
4314,"(['PAGE TITLE: DUHA Fertigteilbau GmbH ', ['impressum'], None], ' 05961 - 50 01 01')"
4315,"([None, None, None], None)"
4316,"([None, None, None], None)"
4317,"(['PAGE TITLE: Hallenbau, Stahlbau und Anlagenbau - Stahlbau Menke ', ['/hallenproduktion/kontakt/impressum.html'], None], 'NO!')"
4318,"(['2018 LINDSCHULTE Ingenieure + Architekten. All Rights Reserved. © medium media | Agentur für digitale Kommunikation\t\t\t\t\t', ['https://www.lindschulte.de/kontakt/impressum/'], None], 'Seilerbahn 7 48529 Nordhorn')"
4319,"(['PAGE TITLE: ELA Container GmbH', ['/de/impressum'], None], 'NO!')"
4320,"(['PAGE TITLE: Mattermost', [None], None], None)"
4321,"([None, None, None], None)"
4322,"([None, None, None], None)"
4323,"(['Büter Hebetechnik GmbH', ['http://www.bueter-hubtische.de/unternehmen/impressum.php'], None], 'NO!')"
4324,"(['PAGE TITLE: Alwin Otten GmbH │ Kälte-Klima-Elektro - Niedersächsische Polizei nimmt zwei neue „E-Kräder“ aus Meppen in Betrieb', ['/impressum-agb'], None], 'Industriestraße 22 49716 Meppen')"
4325,"([None, None, None], None)"
4326,"([None, None, None], None)"
4327,"([None, None, None], None)"
4328,"(['PAGE TITLE: Startseite ', [None], None], None)"
4329,"([None, None, None], None)"
4330,"(['2017 \r', ['impressum.htm'], None], 'Bismarckstraße 16 27232 Sulingen')"
4331,"(['PAGE TITLE: Metallguss Sulingen GmbH – Wir bringen Ideen in Form', ['https://metallguss-sulingen.de/impressum'], None], 'NO!')"
4332,"([None, None, None], None)"
4333,"([None, None, None], None)"
4334,"([None, None, None], None)"
4335,"(['PAGE TITLE: Home - Stadtwerke Verden GmbH', ['/impressum.html?tmpl=component'], None], 'Weserstraße 26 27283 Verden')"
4336,"(['Q-MEX Networks & veon GmbH', [None], None], None)"
4337,"(['Vemag Maschinenbau GmbH 2018', ['kontakt/impressum/'], None], 'Weserstrasse 32 27283 Verden/Aller')"
4338,"([None, None, None], None)"
4339,"([None, None, None], None)"
4340,"([None, None, None], None)"
4341,"(['PAGE TITLE: RTH', ['impressum.html'], None], 'Rohr- und Tiefbau Hoya GmbH Hertzstraße 2 - 4 · 27318 Hoya/Weser')"
4342,"([None, None, None], None)"
4343,"([None, None, None], None)"
4344,"([None, None, None], None)"
4345,"(['2018 JUWEL Aquarium AG & Co. KG.', [None], None], None)"
4346,"([None, None, None], None)"
4347,"([None, None, None], None)"
4348,"(['PAGE TITLE:  IMMER VORNE DRAN! - Bressel und Lade - Anbaugeräte für Ihren Lader vom Spezialisten', ['/de/impressum'], None], 'NO!')"
4349,"(['PAGE TITLE: Aug. Doenitz Verpackungen GmbH - Displays & Packaging', [None], None], None)"
4350,"(['PAGE TITLE: Jugendhilfe Wümmetal ', ['https://www.jugendhilfe-wuemmetal.de/impressum/'], None], 'NO!')"
4351,"([None, None, None], None)"
4352,"(['PAGE TITLE: THIEL GmbH Fördertechnik, Maschinenbau: Konstruktion, Produktion', ['/impressum'], None], 'Farwicker Straße 23 D-49624 Löningen')"
4353,"([None, None, None], None)"
4354,"([None, None, None], None)"
4355,"(['Südbeck Nutzfahrzeuge GmbH 2018', ['/impressum/index.html'], None], 'Rudolf-Diesel-Str. 3 49456 Bakum')"
4356,"([None, None, None], None)"
4357,"(['PAGE TITLE: ', [None], None], None)"
4358,"([None, None, None], None)"
4359,"(['2018 Alle Rechte vorbehalten.', ['/impressum/'], None], 'NO!')"
4360,"([None, None, None], None)"
4361,"([None, None, None], None)"
4362,"([None, None, None], None)"
4363,"(['2016 KOWA Deutschland', ['https://www.kowa.de/impressum'], None], 'NO!')"
4364,"(['PAGE TITLE: KonsoleH Login', [None], None], None)"
4365,"([None, None, None], None)"
4366,"([None, None, None], None)"
4367,"(['PAGE TITLE:  Startseite - E+A Elektrotechnik und Aggregatebau Betriebsgesellschaft mbH', ['impressum/'], None], 'Auf dem Reuterhamm 22 D-27576 Bremerhaven')"
4368,"(['PAGE TITLE: Bredo: Home', [None], None], None)"
4369,"(['PAGE TITLE: Fisch bestellen im Online-Fischversand', ['https://www.fiedlers-fischmarkt.de/informationen/impressum.html/'], None], 'Dreistern Verwaltungs GmbH Amtsgericht Bremen HRB 29995 HB')"
4370,"(['PAGE TITLE: Tabak Wolters - Startseite', ['/unternehmen/impressum/'], None], 'NO!')"
4371,"(['2013 Zur Heinrich Rönner Gruppe', ['/impressum/'], None], 'Neufundlandstr. 2 D-27572 Bremerhaven')"
4372,"(['2013 Zur Heinrich Rönner Gruppe', ['/impressum/'], None], 'Am Lunedeich 143 27572 Bremerhaven')"
4373,"([None, None, None], None)"
4374,"([""by www.iViDesign.ch');"", ['impressum_datenschutz.html'], None], 'NO!')"
4375,"([None, None, None], None)"
4376,"([None, None, None], None)"
4377,"(['2018 atka Kunststoffverarbeitung GmbH', ['impressum.php'], None], 'NO!')"
4378,"(['Copyright 2016 Weltec Biopower GmbH - All rights reserved', ['https://www.weltec-biopower.de/impressum.html'], None], 'NO!')"
4379,"([None, None, None], None)"
4380,"([None, None, None], None)"
4381,"([None, None, None], None)"
4382,"(['2009-2018 by the Froxlor Team', [None], None], None)"
4383,"(['Otto Kühling. \t  Impressum - AGB - Datenschutz - Disclaimer   \t\tLayout und Umsetzung von    ', ['/impressum'], None], 'Kopernikusstraße 2 49377 Vechta / Germany')"
4384,"(['PAGE TITLE: NW-Niemann GmbH Elektrotechnik - Home', ['/impressum'], None], 'Schnatgang 3 49377 Langförden')"
4385,"([None, None, None], None)"
4386,"(['PAGE TITLE: mastercraft - ... besser arbeiten!', ['http://www.mastercraft.de/impressum.php'], None], 'NO!')"
4387,"([None, None, None], None)"
4388,"([None, None, None], None)"
4389,"(['PAGE TITLE: Strautmann Umwelttechnik - Müllpressen u. Entsorgungstechnik', [None], None], None)"
4390,"([None, None, None], None)"
4391,"(['PAGE TITLE: Ultra-Pharm Medicalprodukte GmbH', [None], None], None)"
4392,"([None, None, None], None)"
4393,"(['PAGE TITLE: Potthoff Kartonagen GmbH', [None], None], None)"
4394,"(['PAGE TITLE: Home', ['/impressum.html'], None], 'Große Str. 10 49201 Dissen')"
4395,"(['PAGE TITLE: Home', ['/de/impressum.html'], None], 'NO!')"
4396,"([None, None, None], None)"
4397,"([None, None, None], None)"
4398,"([None, None, None], None)"
4399,"([None, None, None], None)"
4400,"([None, None, None], None)"
4401,"([None, None, None], None)"
4402,"(['jpc-Schallplatten-Versandhandelsgesellschaft mbH', ['https://www.jpc.de/jpcng/home/static/-/page/rechtliches.html#head-impressum'], None], 'NO!')"
4403,"(['2018 Autohaus Hülsmann & Tegeler', ['https://www.huelsmannundtegeler.de/impressum/'], None], 'NO!')"
4404,"([None, None, None], None)"
4405,"(['PAGE TITLE: Saint-Gobain - Innovative Werkstoffe, Bauprodukte, Baufachhandel und Verpackung in Mitteleuropa - mit Aktuellem, Produkten, Gesellschaften und Stellenbörse', ['/impressum'], None], 'Krefelder Straße 195 D-52070 Aachen (Deutschland)')"
4406,"(['2018\xa0Handwerksgruppe Philip Mecklenburg', ['/impressum.html'], None], 'NO!')"
4407,"([None, None, None], None)"
4408,"([None, None, None], None)"
4409,"(['PAGE TITLE: SAB - entwickelt und produziert Spezialarmaturen, Filter und Filtrationsanlagen »\xa0Aktuelles', ['de/impressum.html'], None], 'Buntentorsdeich 1 28201 Bremen')"
4410,"([None, None, None], None)"
4411,"(['2012 BREKOM – ein Unternehmen der EWE TEL GmbH - Partner: icyteas | htp | swb | osnatel | EWE', ['/de/impressum/'], None], 'Am Weser-Terminal 1 28217 Bremen')"
4412,"([None, None, None], None)"
4413,"([None, None, None], None)"
4414,"([None, None, None], None)"
4415,"([None, None, None], None)"
4416,"(['PAGE TITLE: REVILS International', ['index.html#impressum'], None], 'NO!')"
4417,"(['DatumAktuell = new Date();JahrAktuell = DatumAktuell.getFullYear();document.write(JahrAktuell);  benntec Systemtechnik GmbH', ['/service/impressum'], None], 'Karl-Ferdinand-Braun Straße 7 28359 Bremen')"
4418,"(['PAGE TITLE: Trecolan.de: Trecolan GmbH', [None], None], None)"
4419,"(['PAGE TITLE: Preusse Elektro- und Sicherheitstechnik', ['http://www.preusse-elektro.de/impressum/'], None], 'NO!')"
4420,"([None, None, None], None)"
4421,"(['PAGE TITLE: Bockmeyer Bau: Unternehmen', ['https://www.bockmeyer-bau.de/footermenu/impressum/'], None], 'Kleine Marschstraße 15/19 D-28309 Bremen')"
4422,"([None, None, None], None)"
4423,"(['PAGE TITLE: Peinemann + Sohn (GmbH & Co. KG) -Sanitär, Heizung und Klima in und um Bremen - Peinemann + Sohn \xad(GmbH\xa0&\xa0Co.\xa0KG)', [None], None], None)"
4424,"(['PAGE TITLE: Default Parallels Plesk Panel Page', [None], None], None)"
4425,"(['PAGE TITLE: Dolle Kunststoffe ', ['unternehmen/impressum/'], None], 'Rockwinkeler Landstraße 117 D-28325 Bremen')"
4426,"(['amont, TUI, den WWF und NABU.', ['https://www.construktiv.de/impressum/'], None], 'NO!')"
4427,"(['2018 encoway GmbH', ['/impressum'], None], 'Buschhöhe 2 28357 Bremen')"
4428,"(['PAGE TITLE: Backstube – Backen mit Leidenschaft', ['https://backstubebremen.de/impressum/'], None], 'NO!')"
4429,"([None, None, None], None)"
4430,"([None, None, None], None)"
4431,"([None, None, None], None)"
4432,"(['PAGE TITLE: COE Carl Ostermann Erben: COE Home', ['kurzmenue/impressum/'], None], 'Stiller Weg 5 28816 Stuhr-Moordeich')"
4433,"(['PAGE TITLE: Startseite', [None], None], None)"
4434,"([None, None, None], None)"
4435,"([None, None, None], None)"
4436,"([None, None, None], None)"
4437,"(['PAGE TITLE: Weiterleitung zum Kundenportal', [None], None], None)"
4438,"(['2015 CeH4 | Design and Development by Jenko Sternberg Design GmbH', ['footermenu/impressum/'], None], 'NO!')"
4439,"(['PAGE TITLE: \n\t\t   Maxi-Autohof - Ihr MAXImaler Autohof\t', ['/impressum'], None], 'Bentheimer Straße 239 48529 Nordhorn')"
4440,"([None, None, None], None)"
4441,"(['2018\xa0ENO telecom GmbH', ['/impressum/'], None], 'NO!')"
4442,"(['PAGE TITLE: Öffentlichkeitsarbeit in Wort und Bild - BVB-Verlagsgesellschaft mbH', ['impressum.php'], None], 'Friedrichstraße 4 48529 Nordhorn')"
4443,"([None, None, None], None)"
4444,"([None, None, None], None)"
4445,"([None, None, None], None)"
4446,"(['2018 GUSSEK HAUS · Franz Gussek GmbH & Co. KG\xa0·\xa0Euregiostraße 7 · 48527 Nordhorn · Tel: +49 5921 174-0\xa0|\xa0 Impressum\xa0|\xa0 Datenschutz\xa0|\xa0 Haftungsausschluss', ['/site/impressum/'], None], 'Euregiostraße 7 48527 Nordhorn')"
4447,"([None, None, None], None)"
4448,"(['2018 Nie-Tieke GmbH', [None], None], None)"
4449,"(['PAGE TITLE: Gartenpavillons von WOGA - handgefertigte Holzpavillons', ['https://www.woga.de/impressum/'], None], 'NO!')"
4450,"(['2018\u2002BvL Group\u2002|\u2002Grenzstr. 16\u2002|\u200248488 Emsbüren\u2002|\u2002Deutschland\u2002|\u2002Tel. +49 (0) 5903 951-0\u2002|\u2002Fax +49 (0) 5903 951-34 ', ['de/impressum/'], None], 'Grenzstr. 16 D – 48488 Emsbüren')"
4451,"([None, None, None], None)"
4452,"(['PAGE TITLE: BLOND Werbeagentur', ['/impressum'], None], 'Kolpingstraße 5 48480 Schapen')"
4453,"([None, None, None], None)"
4454,"(['2018\xa0Diakonischer Dienst gGmbH', ['/impressum/'], None], 'NO!')"
4455,"([None, None, None], None)"
4456,"(['PAGE TITLE: Salzwedeler Baumkuchen GmbH', ['https://baumkuchen-saw.de/impressum'], None], 'NO!')"
4457,"(['PAGE TITLE: Rotkreuz – D&T Internet GmbH', [None], None], None)"
4458,"([None, None, None], None)"
4459,"(['PAGE TITLE: Wohnen', [None], None], None)"
4460,"(['PAGE TITLE: Harbort GmbH & Co. KG', ['./index.php?site=impressum'], None], 'NO!')"
4461,"([' 2018 Dr. Lohbeck Privathotels', ['https://www.hotel-heide-kroepke.de/de/impressum/'], None], 'NO!')"
4462,"([None, None, None], None)"
4463,"(['2016 Dr. Buhmann Schule gemeinnützige GmbH           /* <![CDATA[ */ var wpcf7 = {""apiSettings"":{""root"":""https:\\/\\/buhmann.de\\/wp-json\\/contact-form-7\\/v1"",""namespace"":""contact-form-7\\/v1""},""recaptcha"":{""messages"":{""empty"":""Bitte best\\u00e4tige, dass du keine Maschine bist.""}},""cached"":""1""}; /* ]]> */   var fb_timeout, fb_opts={\'overlayShow\':true,\'hideOnOverlayClick\':true,\'showCloseButton\':true,\'margin\':20,\'centerOnScroll\':true,\'enableEscapeButton\':true,\'autoScale\':true };', ['https://buhmann.de/datenschutz-impressum'], None], 'NO!')"
4464,"([None, None, None], None)"
4465,"([None, None, None], None)"
4466,"([None, None, None], None)"
4467,"(['2018 TVN GROUP HOLDING GmbH & Co. KG', ['https://www.tvn.de/tvn-group/impressum/%20?'], None], 'NO!')"
4468,"(['PAGE TITLE: Einfach Kunst kaufen ', [None], None], None)"
4469,"([None, None, None], None)"
4470,"(['Channel21.de - teleshop channel21.de - Teleshopping - Teleshop | Impressum', ['https://www.channel21.de/impressum/'], None], 'NO!')"
4471,"(['Copyright OPTIMAL SYSTEMS 2018. |  Impressum & Datenschutz ', ['/impressum-und-datenschutz#cookiebar'], None], 'OPTIMAL SYSTEMS GmbH Cicerostr. 26, 10709 Berlin')"
4472,"([None, None, None], None)"
4473,"(['2011-2018 HRD Reprodienst GmbH. Alle Rechte vorbehalten.\t', ['/index.php/impressum2'], None], 'NO!')"
4474,"(['2018 IG BCE BWS - Betriebsrat Seminare', ['impressum/'], None], 'Königsworther Platz 6 30167 Hannover')"
4475,"([None, None, None], None)"
4476,"([None, None, None], None)"
4477,"(['PAGE TITLE: FSS - Ihr persönliches IT Beratungshaus', ['/impressum/'], None], 'NO!')"
4478,"([None, None, None], None)"
4479,"([None, None, None], None)"
4480,"(['PAGE TITLE: Bürobedarf, Bürotechnik, IT-Service ', ['unternehmen/rechtliches/impressum/'], None], 'NO!')"
4481,"([None, None, None], None)"
4482,"(['2018 Michael Wessel Informationstechnologie GmbH | 21. Oct 2018', ['/meta/impressum/'], None], 'Michael Wessel Informationstechnologie GmbH Freundallee 23 | 30173 Hannover')"
4483,"(['PAGE TITLE: Wallbrecht Bauunternehmung  ', ['https://www.wallbrecht.de/kontakt/impressum/'], None], 'NO!')"
4484,"(['Zoo Hannover GmbH 2018', ['/de/content/impressum'], None], 'Adenauerallee 3 30175 Hannover')"
4485,"([None, None, None], None)"
4486,"([None, None, None], None)"
4487,"([None, None, None], None)"
4488,"(['Pro Beruf GmbH – Eckenerstraße 5 A – 30179 Hannover | Tel.: +49 (0)511 / 67 37 90 – Fax: +49 (0)511 / 374 94 46 /* Mobile  */', ['https://pro-beruf.de/impressum/'], None], 'NO!')"
4489,"([None, None, None], None)"
4490,"(['auber 2017 ', ['/specialsites/impressum/'], None], 'NO!')"
4491,"(['Copyright 1999-2008, Parallels All rights reserved', [None], None], None)"
4492,"(['PAGE TITLE: Startseite', ['/index.php/kontakt/impressum'], None], 'NO!')"
4493,"(['PAGE TITLE: Integralis: Buchbinderei, Packaging, Lettershop, Formbau und Fulfillment.', ['https://www.integralis-gruppe.de/kontakt/impressum/'], None], 'NO!')"
4494,"([None, None, None], None)"
4495,"([None, None, None], None)"
4496,"(['PAGE TITLE: STEP Hannover\t', ['https://www.step-hannover.de/startseite/impressum/'], None], 'NO!')"
4497,"(['PAGE TITLE: Steuerberatung für Heilberufe ', ['impressum/'], None], 'NO!')"
4498,"([""2017 FORMAXX AG \xa0 |\xa0 INFOMAXX         (function(i,s,o,g,r,a,m){i['GoogleAnalyticsObject']=r;i[r]=i[r]||function(){"", ['https://formaxx.de/impressum/'], None], 'NO!')"
4499,"(['2018 Bethel im Norden', ['service-kontakt/impressum.html'], None], 'Bleekstraße 20, 30559 Hannover')"
4500,"(['PAGE TITLE: GP Ingenierbau und Projekt GmbH', [None], None], None)"
4501,"([None, None, None], None)"
4502,"(['2018 Alfred Rega + Partner Industriemontagen GmbH', ['impressum.html'], None], 'NO!')"
4503,"([None, None, None], None)"
4504,"([None, None, None], None)"
4505,"([None, None, None], None)"
4506,"([None, None, None], None)"
4507,"([None, None, None], None)"
4508,"(['PAGE TITLE: \xa0HEUER & Co. Hausausbau GmbH - Rollläden / Fenster / Türen / Markisen / Terrassendächer / Vordächer / Rolltore / Insektenschutz / Plissees / Innenjalousien - Hannover, Langenhagen, Wolfsburg, Hildesheim, Salzgitter, Braunschweig, Celle\xa0-\xa0HEUER', ['impressum/'], None], 'NO!')"
4509,"([None, None, None], None)"
4510,"([None, None, None], None)"
4511,"([None, None, None], None)"
4512,"([None, None, None], None)"
4513,"(['PAGE TITLE: MTC Personaldienstleistung', [None], None], None)"
4514,"(['2013\xa0NOLTE IMP Werbeagentur', ['/kontakt/impressum'], None], 'Ulmer Straße 1 30880 Laatzen')"
4515,"(['PAGE TITLE: Leine VHS: Startseite', ['submenue/impressum/'], None], 'NO!')"
4516,"(['Bernhard Olbrich Elektroinstallationen-Industrieanlagen GmbH • \r', ['https://www.bernhard-olbrich.de/index.php?page=impressum'], None], 'NO!')"
4517,"([None, None, None], None)"
4518,"(['VD2-Shops NKW GmbH & Co. KG\r', [None], None], None)"
4519,"([None, None, None], None)"
4520,"([None, None, None], None)"
4521,"(['PAGE TITLE: Willkommen: PDV-Systeme GmbH', ['/impressum/'], None], 'Dörntener Straße 2 A DE 38644 Goslar')"
4522,"(['Gieseke cosmetic GmbH', ['https://www.gieseke.com/impressum/'], None], 'NO!')"
4523,"(['PAGE TITLE: Lebenshilfe Goslar - Home', ['/service-impressum'], None], 'Probsteiburg 38644 Goslar')"
4524,"(['PAGE TITLE: Habekost+Fichtner', [None], None], None)"
4525,"(['PAGE TITLE: Gehrke Econ: Startseite Gehrke Econ', ['index.php?id=impressum'], None], 'NO!')"
4526,"(['2018 \r', ['/de-de/impressum'], None], 'NO!')"
4527,"([None, None, None], None)"
4528,"([None, None, None], None)"
4529,"([None, None, None], None)"
4530,"(['PAGE TITLE: Münzen & Euromünzen ', ['https://www.btn-muenzen.de/impressum'], None], 'NO!')"
4531,"(['2017, RAULFS GmbH -\xa0Maybachstr. 1 -\xa038518 Gifhorn -\xa0Tel: +49 5371 867-0 -\xa0info@raulfs.de', ['/impressum.html'], None], 'Maybachstr. 1 38518 Gifhorn')"
4532,"(['2017 - 2018 Schäffer & Walcker · Impressum · Datenschutz  ', ['/impressum'], None], 'Im Heidland 23 38518 Gifhorn')"
4533,"(['2004 - 2014 einsmedia!', ['https://www.maler-mayer.de99_impressum/index.html#haftung'], None], 'NO!')"
4534,"([None, None, None], None)"
4535,"([None, None, None], None)"
4536,"([None, None, None], None)"
4537,"(['PAGE TITLE: Home - Max Müller GmbH & Co.KG', ['/impressum'], None], 'Oebisfelder Straße 29 38458 Velpke')"
4538,"([None, None, None], None)"
4539,"([None, None, None], None)"
4540,"(['PAGE TITLE: LOGOCOS Naturkosmetik AG - Natürliche Pflege & Kosmetik', [None], None], None)"
4541,"(['016 iStockphoto/Cecilie_Arcurs', ['/impressum/'], None], 'NO!')"
4542,"(['PAGE TITLE: CarSolution GmbH Wolfsburg: CarSolution', [None], None], None)"
4543,"([None, None, None], None)"
4544,"([None, None, None], None)"
4545,"(['21.10.2018 c-h-janssen', ['./scripts/show.aspx?content=/shop/start/impressum'], None], 'NO!')"
4546,"(['2018 BWS Consulting Group', ['https://www.bws-group.de/impressum/'], None], 'NO!')"
4547,"([None, None, None], None)"
4548,"(['Gebrüder Gerstenberg GmbH & Co KG', ['/impressum.html'], None], 'NO!')"
4549,"(['SGH', ['/impressum/'], None], 'Daimlerring 51 31135 Hildesheim')"
4550,"([None, None, None], None)"
4551,"([None, None, None], None)"
4552,"(['PAGE TITLE: NK Kunststofftechnik GmbH', ['http://www.nk-gmbh.de/impressum/'], None], 'NO!')"
4553,"([None, None, None], None)"
4554,"([None, None, None], None)"
4555,"(['PAGE TITLE: H.V.O. - Hildesheimer Verteiler Organisation', ['impressum.php'], None], 'Judenstraße 3-4 31134 Hildesheim')"
4556,"(['PAGE TITLE: Sicherheitstechnik - KÜHN Sicherheit', ['https://www.kuehn-sicherheit.de/impressum/'], None], 'NO!')"
4557,"([None, None, None], None)"
4558,"(['opyright 2018 Sportgeräte 2000 GmbH\r', ['https://www.helo-sports.de/kontakt/impressum.html'], None], 'NO!')"
4559,"([None, None, None], None)"
4560,"([None, None, None], None)"
4561,"([None, None, None], None)"
4562,"([None, None, None], None)"
4563,"([None, None, None], None)"
4564,"(['PAGE TITLE: Home ', ['/impressum.html'], None], 'Krugkamp 2 31162 Bad Salzdetfurth')"
4565,"([None, None, None], None)"
4566,"([None, None, None], None)"
4567,"(['webhoster.de AG', [None], None], None)"
4568,"([None, None, None], None)"
4569,"(['PAGE TITLE: Kabelschuhe & Werkzeuge - WEITKOWITZ Kabelschuhe und Werkzeuge GmbH', ['header-seiten/impressum/'], None], 'Woltorfer Straße 125 D-31224 Peine')"
4570,"(['PAGE TITLE: Plesk 12.5.30', [None], None], None)"
4571,"(['2018 Bernhard Linke GmbH              \xa0', ['/index.php/impressum'], None], 'Hauptstraße 4 38350 Helmstedt')"
4572,"([' G+M Kunststofftechnik GmbH, 2018 — Lieferung und Bearbeitung duro- und thermoplastischer Kunststoffe', ['impressum.html'], None], 'Werner-Nordmeyer-Str. 41 31226 Peine')"
4573,"([None, None, None], None)"
4574,"([None, None, None], None)"
4575,"([None, None, None], None)"
4576,"([None, None, None], None)"
4577,"([None, None, None], None)"
4578,"([None, None, None], None)"
4579,"([None, None, None], None)"
4580,"(['Gemeinde Uetze', ['https://www.uetze.de/portal/seiten/impressum-917000158-21300.html'], None], 'NO!')"
4581,"(['PAGE TITLE: Kartoffel Deyerling Dollbergen GmbH - Willkommen', ['https://www.kartoffel-deyerling.deimpressum'], None], 'NO!')"
4582,"(['2012-2017 Profex', ['/impressum'], None], 'Rudolf-Diesel-Straße 18-20 31311 Uetze')"
4583,"(['PAGE TITLE: BHS Baustoffe: Willkommen', ['impressum.html'], None], 'Peiner Str. 71 31319 Sehnde')"
4584,"(['PAGE TITLE: Pflegeheime Wilkening - liebevolle Pflege mit Leidenschaft\xa0–\xa0Pflegeheime Wilkening', ['impressum/'], None], 'NO!')"
4585,"(['PAGE TITLE: Fives Pillard Deutschland GmbH', [None], None], None)"
4586,"([None, None, None], None)"
4587,"([None, None, None], None)"
4588,"([None, None, None], None)"
4589,"([None, None, None], None)"
4590,"([None, None, None], None)"
4591,"([None, None, None], None)"
4592,"([""2017 Proclean Gebäudedienste GmbH Konzept und Layout: derWerbevermittler.deMit der weiteren Nutzung unserer Webseite erklären Sie sich damit einverstanden, dass wir Cookies verwenden um Ihnen die Nutzerfreundlichkeit dieser Webseite zu verbessern. Akzeptieren DatenschutzPrivacy & Cookies Policy (function(i,s,o,g,r,a,m){i['GoogleAnalyticsObject']=r;i[r]=i[r]||function(){"", ['https://proclean-gebaeudedienste.de/impressum-2/'], None], 'Hansestraße 5 37574 Einbeck')"
4593,"(['2018 Niedersächsisches Staatsbad Nenndorf', ['http://wp.staatsbadnenndorf.de/impressum/'], None], 'NO!')"
4594,"([None, None, None], None)"
4595,"(['PAGE TITLE: Seniorenheime Kaschube - Eine angenehme Wohn- und Lebenssituation in Hannover.', ['kontakt/impressum/'], None], 'NO!')"
4596,"([None, None, None], None)"
4597,"(['PAGE TITLE:  Hartmann-la-gmbh -\xa0Moderner und individueller Anlagenbau für Lebensmitteltechnik aus Nienburg', ['kontakt/impressum/'], None], 'Südring 17 31582 Nienburg')"
4598,"([None, None, None], None)"
4599,"(['PAGE TITLE: Home ', ['impressum.html'], None], 'Hinter der Bahn 15 D - 31603 Diepenau')"
4600,"([None, None, None], None)"
4601,"(['2018 S.HEIDORN.txtNew {word-wrap:break-word;text-align:start;}', ['https://www.heidorn-heemsen.de/impressum'], None], 'NO!')"
4602,"([None, None, None], None)"
4603,"(['PAGE TITLE: DSB2 - Digitales Schwarzes Brett', ['/impressum'], None], 'Hamburger Allee 2-4 30161 Hannover')"
4604,"([None, None, None], None)"
4605,"(['PAGE TITLE: Startseite ', ['https://www.rwg-leese.de/impressum/'], None], 'NO!')"
4606,"([None, None, None], None)"
4607,"([""2018 DBL ImpressumDatenschutzSitemap     YouTubeXINGIhre FavoritenKontaktBlogDownloadsKundenportal                         Die neue Premiumkollektion - DBL Meisterstück  Ab 1. Oktober 2018 exklusiv im Leasing der DBL.  Jetzt testen           Berufskleidung mieten - warum nicht gleich in Ihrer Nähe?  Stark in der Region, deutschlandweit vernetzt. Zur Auswahl          Schutzkleidung? Dauerhaft normgerecht.  So bleibt Ihre Mietschutzkleidung auch nach der Wäsche sicher. Zur Mietschutzkleidung          Schmutzfangmatten mieten - eine saubere Sache  Saubere Matte kommt, verschmutzte Matte geht. Sie profitieren dabei von mehr Sauberkeit. Zu Schmutzfangmatten          Der passende Textilservice für Ihr Unternehmen  Aussuchen, anprobieren, anziehen – alles andere übernehmen wir. Zum Textilservice           Eggers Textilpflege GmbH           Unser Kollektions- berater                Ihr regionaler Ansprechpartner                  Der DBL-  Textilservice     Unsere Zusatzservices     Mietfußmatten         Unsere Mietfußmatten           Arbeitsschutz-Kaufartikel         DBL Arbeitsschutz Kaufartikel                       Die DBL-Reparatur-App                   Order-Information           Verpassen Sie nichts             Newsletter   Tragen Sie sich in unseren Newsletter ein.     Anmeldung Newsletter               Blog   Das Neueste aus dem DBL-Verbund.     Zu unserem Blog               Offene Stellen   Karriere bei DBL Eggers.     Jobangebote              Jessica Lange tel: +49 5722 9595 0jessica.lange(at)dbl-eggers.de     Service-Mail \xa0Sie haben Fragen? Schreiben Sie uns:info[at]dbl-eggers.de     Rufen Sie uns an \xa0Lassen Sie sich gerne telefonisch beraten.+49 5722 9595 0           E-Mail info(at)dbl-eggers.de    Service-Hotline +49 5722\xa09595\xa00    Anschrift Kurt-Rabe-Straße 1 - 31675 Bückeburg       Downloads Image- und SystemprospekteKollektionen MietberufskleidungNormenprospektMietfußmattenZusatzservicesRechtliche Informationen    DBL-Sortiment MietberufskleidungMietschutzkleidungMietfußmattenWaschraumhygieneArbeitsschutz-Kaufartikel    Unsere Neuigkeiten Schutzkleidung richtig pflegenBerufskleidung für AzubisCorporate Fashion einführenUmgang mit SchmutzfangmattenHygiene der BerufskleidungDas Logo auf die Matte bringen      © 2018 DBL ImpressumDatenschutzSitemap                                                                                                                                                 window.cookieconsent_options = { expiryDays: 365, learnMore: 'Weitere Informationen.', dismiss: 'OK', message: 'Diese Webseite verwendet Cookies.', link: '/datenschutz.html', };     "", ['/impressum.html'], None], 'Kurt-Rabe-Str. 1 31675 Bückeburg')"
4608,"(['2018 HAUTAU GmbH. Alle Rechte vorbehalten. ', ['/impressum'], None], 'NO!')"
4609,"([None, None, None], None)"
4610,"(['PAGE TITLE: Wilhelm Honebein Maschinen- und Gerätebau GmbH – Blechbearbeitung – Lasertechnik – Baugruppenfertigung', ['https://honebein.de/impressum'], None], 'NO!')"
4611,"(['PAGE TITLE: Gustav Knippschild GmbH - Perfektion in Metall', ['impressum/impressum.htm'], None], 'Braasstraße 16 31737 Rinteln')"
4612,"([None, None, None], None)"
4613,"([None, None, None], None)"
4614,"(['2005 - 2015 ZIRBUS technology GmbH, Hilfe Gottes 1, 37539 Bad Grund / Harz', ['https://www.zirbus.de/kontakt/impressum/'], None], 'NO!')"
4615,"([None, None, None], None)"
4616,"(['PAGE TITLE: Startseite ', ['https://www.osterode.de/portal/seiten/impressum-912000001-21351.html?titel=Impressum'], None], 'NO!')"
4617,"(['2018 Wentorf & Schenkhut GmbH', ['https://www.wentorf-schenkhut.de/impressum/'], None], 'NO!')"
4618,"(['PAGE TITLE: Sigma Centrifuges - Sigma Zentrifugen', [None], None], None)"
4619,"([None, None, None], None)"
4620,"(['PAGE TITLE: Martin Christ - Martin Christ Gefriertrocknungsanlagen', [None], None], None)"
4621,"(['KKT Holding GmbH', ['https://www.kktec.deb/impressum.htm'], None], 'NO!')"
4622,"([None, None, None], None)"
4623,"(['PAGE TITLE: Industrielackierung, Industriesiebdruck, Industriebedruckung, Industriebeschichtung, Lackieren und Beschichten von Kunststoff und Metall', ['/impressum/'], None], 'Auf den Steinen 2 37191 Lindau')"
4624,"([None, None, None], None)"
4625,"(['Bock Industriebedachungen GmbH · Hamlerstraße 3 · 37168 Moringen · Telefon: 05554 99220 · Telefax: 05554 992222 · info@bock-industriebedachungen.de', ['/impressum/index.html'], None], 'Hamlerstr. 3 37186 Moringen')"
4626,"([None, None, None], None)"
4627,"(['SPÄNEX 2018', ['/site/impressum/'], None], 'Otto-Brenner-Straße 6 37170 Uslar')"
4628,"(['2013 Seniorenheim Forellenhof GmbH - Design by Free CSS Templates', ['impressum.html'], None], 'NO!')"
4629,"([None, None, None], None)"
4630,"([None, None, None], None)"
4631,"(['PAGE TITLE: Wohnen in Northeim GmbH - Endlich Zuhause', [None], None], None)"
4632,"(['PAGE TITLE: Stadtwerke Northeim: Stadtwerke Northeim', ['/impressum/'], None], 'NO!')"
4633,"(['Breckle GmbH', ['https://www.breckle.de/impressum/'], None], 'NO!')"
4634,"(['2015 by Weser-Champignons', ['https://dohmepilze.de/de/kontakt/impressum-rechtliches.html'], None], 'NO!')"
4635,"(['PAGE TITLE: Startseite - Petri Feinkost', ['index.php/impressum-datenschutz.html'], None], 'NO!')"
4636,"([None, None, None], None)"
4637,"(['ATHE-Therm\xa02018', ['impressum/impressum/'], None], 'Langes Feld 19 31860 Emmerthal')"
4638,"(['2018 DTS Systeme GmbH. Alle Rechte vorbehalten.', ['/impressum.html'], None], 'Schrewestraße 2 32051 Herford')"
4639,"(['PAGE TITLE: Möbel für moderne und stilvolle Bürowelten von Febrü', ['https://www.februe.de/de/impressum/'], None], 'NO!')"
4640,"(['2018 Fiskars Group', ['/Online-Richtlinien/impressum'], None], 'Kölner Straße 10 D-65760 Eschborn')"
4641,"([None, None, None], None)"
4642,"([None, None, None], None)"
4643,"([None, None, None], None)"
4644,"(['Humana\xa02018Sitemaphumana-baby.comDMKKarrierePresseExpertenserviceDatenschutzImpressum', ['de/impressum/'], None], 'Bielefelder Straße 66 32051 Herford')"
4645,"(['PAGE TITLE: \r\n\tAktuelle News und Infos - Singleplast GmbH\r\n', [None], None], None)"
4646,"([None, None, None], None)"
4647,"(['2016 - Westfalen-Lippe Speditions- und Lagerhausgesellschaft mbH', ['#impressum'], None], 'Goebenstrasse 64 32051 Herford')"
4648,"([None, None, None], None)"
4649,"([None, None, None], None)"
4650,"([None, None, None], None)"
4651,"([None, None, None], None)"
4652,"([None, None, None], None)"
4653,"([None, None, None], None)"
4654,"(['PAGE TITLE: TÜCHTIG Internetlösungen - Unbekannte Domain', [None], None], None)"
4655,"(['PAGE TITLE: Die Unübersehbarkeitsmacher Start ', ['https://ellmer.de/startseite/impressum'], None], 'Im Weingarten 3 32107 Bad Salzuflen')"
4656,"(['PAGE TITLE: ESSMANN ', ['/impressum'], None], 'Im Weingarten 2 32107 Bad Salzuflen')"
4657,"([None, None, None], None)"
4658,"(['2018 LICEFA GmbH & Co. KG', [None], None], None)"
4659,"([None, None, None], None)"
4660,"(['PAGE TITLE: Confixx', [None], None], None)"
4661,"(['PAGE TITLE: Tankanlagenbau und Tankreinigung in NRW Latoschik+Fischer', ['https://www.latoschik-fischer.de/impressum/'], None], 'NO!')"
4662,"(['PAGE TITLE: AWO Service - Startseite', ['/impressum/'], None], 'NO!')"
4663,"(['BOCKERMANN FRITZE UNTERNEHMENSGRUPPE | IMPRESSUM | DATENSCHUTZHINWEISE', ['http://bf-ingenieurconsult.de/impressum.html'], None], 'NO!')"
4664,"([None, None, None], None)"
4665,"(['PAGE TITLE: Führender Hersteller im Bereich der Laser Remote Schweißtechnik und Laser Remote Spanntechnik. - Bergmann & Steffen GmbH', [None], None], None)"
4666,"(['2010-2018 PREUSS GmbHAlle Rechte vorbehalten.', ['/index.php/menuimpressum'], None], 'Podbielskistraße 370 30659 Hannover')"
4667,"([None, None, None], None)"
4668,"([None, None, None], None)"
4669,"([None, None, None], None)"
4670,"(['1970-2018\xa0Apparate- und Behälterbau Artur Scheffczik GmbH', ['impressum.html'], None], 'Oeppings Brink 7 D-32278 Kirchlengern (Klosterbauerschaft)')"
4671,"([None, None, None], None)"
4672,"([None, None, None], None)"
4673,"(['2018 Alhorn ', ['/de/impressum/'], None], 'Daimlerstraße 10 32312 Lübbecke')"
4674,"([None, None, None], None)"
4675,"([None, None, None], None)"
4676,"([None, None, None], None)"
4677,"([None, None, None], None)"
4678,"([None, None, None], None)"
4679,"([None, None, None], None)"
4680,"(['PAGE TITLE: Hubtische Hubtisch Anlagenhubtische Riemenhubtische Verladehubtische Scherenhubtische Flachlifthubtische Schubkettenhubtische LAWECO', [None], None], None)"
4681,"(['Heinrich Rohlfing GmbH', ['https://www.rohlfing-stahlbau.de/deutsch/impressum/'], None], 'NO!')"
4682,"([None, None, None], None)"
4683,"(['PAGE TITLE: Holsing ', ['impressum.html#impressum'], None], 'NO!')"
4684,"([None, None, None], None)"
4685,"(['', ['/rechtliches/impressum/'], None], 'Ringstraße 9 32427 Minden')"
4686,"([None, None, None], None)"
4687,"(['Wilhelm Becker GmbH & Co. KG Sollingweg 40 32427 MindenKontaktImpressumDatenschutz', ['https://www.becker-bau.de/impressum.html'], None], 'NO!')"
4688,"(['PAGE TITLE: Startseite', ['/impressumde/44-urheberrechte/38-bildernachweis'], None], 'NO!')"
4689,"(['PAGE TITLE: Eugen Engert', ['sites/impressum.html'], None], 'Zechenstraße 56 32429 Minden')"
4690,"([None, None, None], None)"
4691,"([None, None, None], None)"
4692,"([None, None, None], None)"
4693,"(['PAGE TITLE: HARTWIG Cloud', [None], None], None)"
4694,"(['PAGE TITLE: Schäferbarthold', ['/cms/sbweb/de/impressum-1409067.html'], None], 'NO!')"
4695,"(['PAGE TITLE: Diese Domain wurde vorübergehend deaktiviert.', [None], None], None)"
4696,"([None, None, None], None)"
4697,"([None, None, None], None)"
4698,"([None, None, None], None)"
4699,"(['PAGE TITLE: BEECK Küchen GmbH: Start', ['/impressum/'], None], 'Carl-Zeiss-Straße 23 32549 Bad Oeynhausen')"
4700,"([None, None, None], None)"
4701,"(['PAGE TITLE: Knübel GmbH ', ['https://www.knuebel.de/impressum/'], None], 'NO!')"
4702,"(['OLHO tronic 2015', ['index.php?impressum'], None], 'Scheidkamp 13 32584 Löhne / Germany')"
4703,"(['PAGE TITLE: Täglich etwas Besonderes - Dusch- und Wannenwelten von Koralle - Koralle Sanitärprodukte GmbH', ['/de/unternehmen/impressum/'], None], 'Wilhelmstraße 8 32602 Vlotho')"
4704,"([None, None, None], None)"
4705,"(['018 Jeans Fritz Handelsgesellschaft für Mode mbH. Alle Rechte vorbehalten.        ', ['/impressum'], None], 'NO!')"
4706,"([None, None, None], None)"
4707,"(['PAGE TITLE: Klassenfahrten und Gruppenreisen zu 400 Zielen in Europa', ['/unternehmen/impressum.html'], None], 'Steinweg 15 32657 Lemgo')"
4708,"([None, None, None], None)"
4709,"(['PAGE TITLE: Markenstarke Sonderposten - Magowsky', ['https://www.magowsky.de/impressum/'], None], 'NO!')"
4710,"([None, None, None], None)"
4711,"(['PAGE TITLE: meffert - Home', ['/home/de/impressum'], None], 'Am Bauhof 32 32657 Lemgo')"
4712,"(['PAGE TITLE: A. & H. Meyer Germany', [None], None], None)"
4713,"(['PAGE TITLE: st. elisabeth stiftung ', ['https://www.stiftung-sankt-elisabeth.de/impressum/'], None], 'Palaisstraße 27 32756 Detmold')"
4714,"([None, None, None], None)"
4715,"(['PAGE TITLE: Hier entsteht demnächst eine neue Internetpräsenz', [None], None], None)"
4716,"(['2016 Arbeitsgemeinschaft Arbeit gGmbH - Detmold ', ['/de/impressum.html?PHPSESSID=88ed295cc6f40b180466e4438aa0d506'], None], 'Orbker Str. 75 32758 Detmold')"
4717,"(['PAGE TITLE: Elektro-Lampe, Elektro-Drücker', ['impressum.html'], None], 'Westerfeldstr. 6 32758 Detmold')"
4718,"(['PAGE TITLE: Ecclesia Versicherungsdienst GmbH: Startseite', ['ecclesia-allgemein/topnavigation/impressum/'], None], 'NO!')"
4719,"([None, None, None], None)"
4720,"(['PAGE TITLE: Test Page for Apache Installation', [None], None], None)"
4721,"(['PAGE TITLE: Home - Netzwerk Lippe', ['https://www.netzwerk-lippe.de/impressum/'], None], 'NO!')"
4722,"([None, None, None], None)"
4723,"(['PAGE TITLE: Startseite - WTS - Erfolgreicher.Handeln', ['https://www.w-t-s.de/impressum/'], None], 'NO!')"
4724,"(['PAGE TITLE: Home: PRO PERSONAL', ['meta/impressum.html'], None], 'Hochstr. 26 D - 32051 Herford')"
4725,"(['MCA furniture 2018', ['/impressum.html'], None], 'Hainbergstr. 16 D-32816 Schieder- Schwalenberg')"
4726,"(['2018 MB-Anlagenbau GmbH | Impressum | Datenschutzerklärung', ['https://www.mbanlagenbau.de/de/impressum'], None], 'NO!')"
4727,"(['017 Rainer Kiel Kanalsanierung', ['https://kanalsanierung-kiel.de/impressum/'], None], 'Blomberger Straße 36 32825 Blomberg')"
4728,"(['PAGE TITLE: Landhausmode & Trachten Shop KRÜGER Kleidung', ['https://www.krueger-kleidung.de/Impressum.htm?websale8=krueger&tpl=tpl_impressum.htm'], None], 'NO!')"
4729,"(['PAGE TITLE: Z.Zt. ohne Inhalte', [None], None], None)"
4730,"([None, None, None], None)"
4731,"([None, None, None], None)"
4732,"(['2018\xa0GKT Unternehmensgruppe', ['impressum/'], None], 'NO!')"
4733,"(['1999-2014. Parallels IP Holdings GmbH. All rights reserved.', [None], None], None)"
4734,"([None, None, None], None)"
4735,"([None, None, None], None)"
4736,"(['PAGE TITLE: Connext Vivendi - die Software für das Sozialwesen', ['/unternehmen/impressum.aspx'], None], 'Balhorner Feld 11 33106 Paderborn')"
4737,"([None, None, None], None)"
4738,"([None, None, None], None)"
4739,"([None, None, None], None)"
4740,"(['2018 Media-Print Informationstechnologie GmbH', ['https://mediaprint-druckerei.de/impressum/'], None], 'NO!')"
4741,"(['PAGE TITLE: Application Lifecycle Management ', [None], None], None)"
4742,"(['TEAM GmbH, 2017ImpressumFon +49 5254 8008-0  Um unsere Webseite für Sie optimal zu gestalten und fortlaufend verbessern zu können, verwenden wir Cookies. Durch die weitere Nutzung der Webseite stimmen Sie der Verwendung von Cookies zu.OKLearn More ', ['https://www.team-pb.de/impressum/'], None], 'NO!')"
4743,"(['PAGE TITLE: St. Johannisstift Paderborn ', ['/impressumdatenschutz.html'], None], 'Reumontstr. 28 33102 Paderborn')"
4744,"([None, None, None], None)"
4745,"([None, None, None], None)"
4746,"(['www.rls.de', [None], None], None)"
4747,"(['PAGE TITLE: Autokrane, Arbeitsbühnen, Schwertransporte, Hofmann', ['/cms/impressum.html'], None], 'Frankfurter Weg 31 33106 Paderborn')"
4748,"(['', [None], None], None)"
4749,"(['PAGE TITLE: Startseite - HANNA-Feinkost AG', ['/de/impressum.php'], None], 'NO!')"
4750,"([None, None, None], None)"
4751,"(['PAGE TITLE: Startseite - Schulte Kartonagen', [None], None], None)"
4752,"([None, None, None], None)"
4753,"([None, None, None], None)"
4754,"([None, None, None], None)"
4755,"([None, None, None], None)"
4756,"(['PAGE TITLE: ISO-Fensterbau GmbH', ['impressum.html'], None], 'NO!')"
4757,"([None, None, None], None)"
4758,"([None, None, None], None)"
4759,"(['2018 esacom.Alle Rechte vorbehalten', ['impressum/'], None], 'An der Burg 6 33154 Salzkotten')"
4760,"([None, None, None], None)"
4761,"([None, None, None], None)"
4762,"(['PAGE TITLE: REME Möbelbeschläge GmbH – Führungsqualität für Möbel', ['/impressum.php'], None], 'Industriestraße 48 33161 Hövelhof')"
4763,"([None, None, None], None)"
4764,"([None, None, None], None)"
4765,"([None, None, None], None)"
4766,"(['PAGE TITLE: Startseite - Medizinisches Zentrum für Gesundheit Bad Lippspringe', ['/impressum.html'], None], 'NO!')"
4767,"([None, None, None], None)"
4768,"(['by Keimeier & Finke GmbH\xa0\xa0\xa0\xa0', ['impressum.html'], None], ' Landrat des Kreises Paderborn, Alte Schanze, 33106 Paderborn und Bundesamt für Güterverkehr.')"
4769,"([""2016 Wöhler Technik GmbHUnser Angebot richtet sich nur an Gewerbetreibende und Freiberufler.document.getElementById('year').innerHTML = new Date().getFullYear();,, "", ['/impressum/'], None], 'NO!')"
4770,"(['Finke Formenbau GmbH | alle Rechte vorbehalten', [None], None], None)"
4771,"(['2018 Fichtner & Schicht GmbH\t\t\t\t', ['/impressum'], None], 'Germaniastrasse 4 33189 Schlangen')"
4772,"(['PAGE TITLE: WRG Group', ['https://www.wrg-gt.de/impressum-datenschutz.html'], None], 'Kahlertstraße 4 33330 Gütersloh')"
4773,"(['PAGE TITLE: WRG Group', ['https://www.wrg-gt.de/impressum-datenschutz.html'], None], 'Kahlertstraße 4 33330 Gütersloh')"
4774,"(['Episerver 2018', ['/legal/impressum/'], None], 'NO!')"
4775,"([None, None, None], None)"
4776,"(['PAGE TITLE: Herzlich Willkommen bei der GESA ', ['/impressum'], None], 'Schöneberger Ufer 89-91 10785 Berlin')"
4777,"(['2018 · MS-Gebäudemanagement Gruppe', ['/impressum/'], None], 'Johannesstr. 3 19053 Schwerin')"
4778,"([None, None, None], None)"
4779,"([None, None, None], None)"
4780,"([None, None, None], None)"
4781,"(['PAGE TITLE: MODUS Consult AG ', ['unternehmen/impressum.html'], None], 'James-Watt-Straße 6 D-33334 Güters\xadloh,\xa0Germany')"
4782,"([None, None, None], None)"
4783,"(['Maas Naturwaren GmbH', ['/kontakt/impressum/'], None], 'NO!')"
4784,"(['PAGE TITLE: IIS7', [None], None], None)"
4785,"(['2018', ['https://s-w-b.de/impressum/'], None], 'NO!')"
4786,"([None, None, None], None)"
4787,"([None, None, None], None)"
4788,"(['PAGE TITLE: Tank-Technik-Handel Meiwes: Home', [None], None], None)"
4789,"(['PAGE TITLE: IOK InterNetworking Services · Wartungsarbeiten', [None], None], None)"
4790,"([None, None, None], None)"
4791,"([None, None, None], None)"
4792,"(['PAGE TITLE: Beckhoff Technik und Design: Medientechnik, Lichtplanung u.v.m. ', ['/impressum.html'], None], 'Uhlandstraße 2 33415 Verl')"
4793,"(['PAGE TITLE: IOK InterNetworking Services · Wartungsarbeiten', [None], None], None)"
4794,"([None, None, None], None)"
4795,"(['2018. All Rights Reserved.', ['https://www.multiprofil.de/index.php/impressum/'], None], 'NO!')"
4796,"([None, None, None], None)"
4797,"([None, None, None], None)"
4798,"(['2018 adeco Türfüllungstechnik   Alle Rechte vorbehalten.   ', ['/impressum/'], None], 'Carl-Miele-Str. 25 – 31 33442 Herzebrock-Clarholz')"
4799,"(['PAGE TITLE: IOK InterNetworking Services · Wartungsarbeiten', [None], None], None)"
4800,"([None, None, None], None)"
4801,"(['2018 Fachhochschule des Mittelstands (FHM)ImpressumDatenschutz', ['/impressum/'], None], ') GmbH - University of Applied Sciences - Ravensberger Straße 10 G, 33602 Bielefeld')"
4802,"([None, None, None], None)"
4803,"([None, None, None], None)"
4804,"(['PAGE TITLE: ruf Jugendreisen – Deine Jugendreise beginnt hier!', ['/service/impressum'], None], 'Am Lenkwerk 11 33609 Bielefeld')"
4805,"([None, None, None], None)"
4806,"([None, None, None], None)"
4807,"(['PAGE TITLE: elegante bed-linen fashion', [None], None], None)"
4808,"(['2018 | BAS Betreuung an Schulen gGmbH', ['impressum.html'], None], 'Meisenstr. 65, Gebäude: Speicher I 33607 Bielefeld')"
4809,"(['Beckmann & Partner CONSULT GmbH', ['https://www.beckmann-partner.de/impressum/#datenschutzerklaerung'], None], 'Meisenstraße 79 33607 Bielefeld')"
4810,"(['PAGE TITLE: teamkind ', ['https://www.teamkind.de/language/de/kontakt/impressum/'], None], 'NO!')"
4811,"([None, None, None], None)"
4812,"(['2018 - KIPA Industrie-Verpackungs GmbH | Sitemap | Impressum | Datenschutzerklärung | Einfuhrvorschriften | ADSp | AVB', ['/de/metanav/impressum.html'], None], 'NO!')"
4813,"(['PAGE TITLE: SYNAXON IT.Partnerschaft: Einkauf, Projekte & Finanzservices', ['http://synaxon.ag/impressum'], None], 'NO!')"
4814,"(['PAGE TITLE: Hubtische mit höchster Qualität - Flexlift Hubgeräte GmbH', ['/impressum/'], None], 'Eckendorfer Straße 115 D-33609 Bielefeld')"
4815,"(['PAGE TITLE: www.glas-wulfmeier.de', ['impressum.php'], None], 'Eckendorfer Straße 45 - 47 33609 Bielefeld')"
4816,"(['PAGE TITLE: Grundmann Zahntechnik', ['impressum.html'], None], 'Steubenstraße 6 33609 Bielefeld')"
4817,"([None, None, None], None)"
4818,"(['PAGE TITLE: Spielwaren online kaufen im Teddy Toys Shop', ['https://www.teddytoys.de/impressum'], None], 'NO!')"
4819,"(['PAGE TITLE: Hier entsteht eine neue Internetpräsenz - hosted by 1blu', [None], None], None)"
4820,"(['2018 HIRO LIFT, Bielefeld', ['/impressum.html'], None], 'Meller Str. 6 33613 Bielefeld')"
4821,"(['', ['https://www.druckerzubehoer.de/shop/impressum.phtml?lng=de_DE'], None], 'NO!')"
4822,"([None, None, None], None)"
4823,"(['PAGE TITLE: denkmachwunderbar ǀ scanlitho.teams - Werbeagentur aus Bielefeld', ['/impressum/'], None], 'NO!')"
4824,"(['Nanz medico GmbH & Co. KG', ['/impressum/'], None], 'Grenzweg 3 33617 Bielefeld')"
4825,"([None, None, None], None)"
4826,"(['2018 Alle Rechte vorbehalten SEH Computertechnik GmbH ', ['/de/impressum.html'], None], 'NO!')"
4827,"(['PAGE TITLE: Zentrum für Pflege und Gesundheit gGmbH', [None], None], None)"
4828,"([None, None, None], None)"
4829,"(['BHB 2018 | Home | Impressum | Datenschutzerklärung | AGB | Kontakt', [None], None], None)"
4830,"(['PAGE TITLE: elsner Gruppe • Catering • Gebäude-Service', ['impressum/'], None], 'Sunderweg 9 D-33649 Bielefeld')"
4831,"(['PAGE TITLE: GDO GmbH', [None], None], None)"
4832,"(['PAGE TITLE: Startseite ', ['/de/impressum/'], None], 'NO!')"
4833,"([None, None, None], None)"
4834,"([None, None, None], None)"
4835,"(['PAGE TITLE: Willkommen', ['/de/impressum/Datenschutzerklaerung.html'], None], 'Fabrikstraße 6-8 33659 Bielefeld')"
4836,"(['PAGE TITLE: Unternehmen', ['/index.php/impressum'], None], 'Lindemann-Platz 3 33689 Bielefeld')"
4837,"([None, None, None], None)"
4838,"([None, None, None], None)"
4839,"([None, None, None], None)"
4840,"(['2018 HÜCOBI GmbH                ', ['/unternehmen/gesetzl-anforderungen/39-impressum'], None], 'Oldernholz 6 33719 Bielefeld')"
4841,"(['PAGE TITLE: Kerkmann Office Design – Büromöbel aus Bielefeld', ['https://kerkmann-bueromoebel.de/impressum/'], None], 'NO!')"
4842,"(['Copyright 2018 www.diabi.de - Alle Rechte vorbehalten.', ['impressum.html'], None], 'NO!')"
4843,"(['PAGE TITLE: Konzepte zu persönlicher und partnerschaftlicher Kunden- und Mitarbeiterbetreuung ', ['https://aueg-gmbh.de/impressum'], None], 'NO!')"
4844,"([None, None, None], None)"
4845,"([None, None, None], None)"
4846,"([None, None, None], None)"
4847,"([None, None, None], None)"
4848,"(['PAGE TITLE: Willkommen! - Technik im Haus - Brüggemann GmbH', ['/impressum.html'], None], 'Im Industriegelände 9 33775 Versmold')"
4849,"(['PAGE TITLE: RAPS Gewürzwerk', ['/company/kontakt/impressum/'], None], 'NO!')"
4850,"([None, None, None], None)"
4851,"([None, None, None], None)"
4852,"([None, None, None], None)"
4853,"(['PAGE TITLE: Becker Chemie: Ihr Spezialist für Reinigungs- und Pflegemittel', ['/de/permnav/impressum.html'], None], 'Westring 87–89 D – 33818 Leopoldshöhe')"
4854,"(['PAGE TITLE: Prima Menü', [None], None], None)"
4855,"(['PAGE TITLE: Home - Ravenol', ['service/impressum.html'], None], 'Jöllenbecker Str. 2 33824 Werther')"
4856,"(['PAGE TITLE: Startseite - DRK KV Kassel-Wolfhagen ', ['/footer-menue-deutsch/service/impressum.html'], None], 'Königstor 24 34117 Kassel')"
4857,"([None, None, None], None)"
4858,"(['2007-2018 für das Internet-Angebot Cineplex Deutschland GmbH & Co KG', ['impressum'], None], 'NO!')"
4859,"(['GWG - Gemeinnützige Wohnungsbaugesellschaft der Stadt Kassel mbHDatenschutz |Impressum |Kontakt |Suche |', ['info/impressum.html'], None], 'NO!')"
4860,"([None, None, None], None)"
4861,"([None, None, None], None)"
4862,"([None, None, None], None)"
4863,"([None, None, None], None)"
4864,"(['2009 - 2018 SitemapImpressumAGBDatenschutzFacebookInstagramYouTubeBildungsangebotFachbereicheKaufmännisches Fachwissen und ManagementMeisterschuleElektro- und GebäudetechnikMetalltechnikSchweißtechnikNahrung, Friseur und KosmetikInformationstechnik / EDVProgrammheft 2018/2019FördermöglichkeitenAufstiegs-BAföGBildungsprämieBerufsförderungsdienstBegabtenförderungBildungsgutscheinQualifizierungsscheckServiceLernplattformFördermöglichkeitenVerpflegungUnterkunft InternatNewsletterBZ GeschenkgutscheinDownloadsProjekteAKNN - AusbildungsKompetenz Netzwerk NordhessenAußerbetriebliche Ausbildung (BaE)AZUBIScoutsBerufsorientierungsprogramm (BOP)Berufsorientierung für Flüchtlinge (BOF)BewerbercenterInitiative ProAbschlussKoLeArnPrimAktivQualifizierungsberatung (IQ)Relocation ServiceStaySmartÜbungswerkstattWirtschaft integriertÜber unsUnternehmensportraitFachbereicheAnsprechpartnerStellenangeboteKontakt/Anfahrt/MailAktuellesDatenschutzerklärungVergabebekanntmachung ', ['/impressum/'], None], 'Falderbaumstraße 18-20 34123 Kassel')"
4865,"([None, None, None], None)"
4866,"([None, None, None], None)"
4867,"([None, None, None], None)"
4868,"([None, None, None], None)"
4869,"([None, None, None], None)"
4870,"([None, None, None], None)"
4871,"(['PAGE TITLE: Herzlich willkommen! - Sparda-Bank Hessen eG', ['impressum.html'], None], 'NO!')"
4872,"([None, None, None], None)"
4873,"(['PAGE TITLE: Startseite - RGM ExperSite GmbH', ['startseite/impressum/'], None], 'Henschelplatz 1 34127 Kassel')"
4874,"(['PAGE TITLE: Startseite - OctaVIA AG', ['http://www.octavia.de/topnav/impressum.html'], None], 'NO!')"
4875,"(['Copyright\xa02018\xa0MicroNovaDatenschutzRechtlichesImpressumKontaktSitemapNewsletter', ['impressum.html'], None], 'Unterfeldring 6 85256 Vierkirchen')"
4876,"(['PAGE TITLE: Kleine Stromer gGmbH: Home', ['impressum.html'], None], 'NO!')"
4877,"([None, None, None], None)"
4878,"(['PAGE TITLE: Website in Repair', [None], None], None)"
4879,"(['2012 - 2018 Albert Regel GmbH. All rights reserved.', ['index.php?id=impressum'], None], 'NO!')"
4880,"([None, None, None], None)"
4881,"(['PAGE TITLE: FINOBA Automotive - HOME', [None], None], None)"
4882,"(['PAGE TITLE: IWL Baunatal ', ['https://www.iwl-baunatal.de/kontakt/impressum/'], None], 'Salzgitter Str. 22 34225 Baunatal')"
4883,"([None, None, None], None)"
4884,"([None, None, None], None)"
4885,"([None, None, None], None)"
4886,"(['PAGE TITLE: Catherine Nailshop Deutschland', ['https://www.catherine-shop.de/de/impressum.html'], None], 'NO!')"
4887,"(['PAGE TITLE: DOS Software-Systeme GmbH, Wolfsburg, Hannover, Kassel, HMÜ, BS,IN', ['/impressum'], None], 'NO!')"
4888,"(['004-2018', [None], None], None)"
4889,"(['ccvision', ['https://www.htt-trafo.de/impressum'], None], 'Veckerhäger Straße 100 34346 Hann. Münden')"
4890,"([None, None, None], None)"
4891,"(['2018 PRG GmbH. Alle Rechte vorbehalten.', ['https://www.prg-gmbh.de/impressum/'], None], 'Anton-Böhlen-Straße 13 34414 Warburg')"
4892,"(['PAGE TITLE: Startseite - Willkommen bei der AuB GmbH Marsberg', ['https://www.aub-marsberg.de/impressum-aub-marsberg/'], None], 'NO!')"
4893,"(['2015 HELIX GUSS GmbH    ', [None], None], None)"
4894,"([None, None, None], None)"
4895,"([None, None, None], None)"
4896,"(['PAGE TITLE: Energy Glas GmbH - Tel: 05692-99745-0 -', ['/impressum.html'], None], 'Zur Frado 1 D-34466 Wolfhagen (Gasterfeld)')"
4897,"([None, None, None], None)"
4898,"([None, None, None], None)"
4899,"(['2018 Energie Waldeck-Frankenberg GmbH. Alle Rechte vorbehalten.', ['/metanav/impressum/'], None], 'Arolser Landstraße 27 34497 Korbach')"
4900,"([None, None, None], None)"
4901,"(['PAGE TITLE: Buchhandlung Thalia Korbach - Professor-Bier-Str. 3 ', ['https://www.thalia.de/shop/hilfe-impressum/show/?intid=amc143591261925277;jsessionid=79846A22046D4A5486C953BB0B7AC943.shoptc14'], None], 'NO!')"
4902,"([None, None, None], None)"
4903,"([None, None, None], None)"
4904,"([None, None, None], None)"
4905,"([None, None, None], None)"
4906,"([None, None, None], None)"
4907,"(['PAGE TITLE: MEDIAN Klinik Mühlengrund Bad Wildungen ', ['https://www.median-kliniken.de/de/impressum/'], None], 'NO!')"
4908,"(['PAGE TITLE: Klinik am Kurpark in Bad Wildungen / Reinhardshausen', ['unteres-menue/impressum/'], None], 'Ziergartenstraße 19 34537 Bad Wildungen')"
4909,"([None, None, None], None)"
4910,"([None, None, None], None)"
4911,"([None, None, None], None)"
4912,"(['Michael Rechl', ['https://www.a-piping.com/de/impressum'], None], 'NO!')"
4913,"(['', ['https://www.drk-schwesternschaft-marburg.de/impressum.html'], None], 'NO!')"
4914,"([None, None, None], None)"
4915,"([None, None, None], None)"
4916,"(['2018: 01053 - fon4U Telecom GmbH', ['http://www.fon4u.de/impressum/'], None], 'NO!')"
4917,"([None, None, None], None)"
4918,"(['ZVG Zeitungs-Vertriebsgesellschaft\xa0mbH Ostkreis |\xa0Franz-Tuczek-Weg 1\xa0| 35039 Marburg | made with ♥ in Marburg by mr//media GmbH', ['/index.php/impressum'], None], 'NO!')"
4919,"(['2018 Formenbau Glittenberg GmbH / Kunststofftechnik Glittenberg GmbH / Witosa Heisskanalsysteme GmbH', ['https://glittenberg-kunststofftechnik.de/rechtliches/impressum/'], None], 'NO!')"
4920,"([None, None, None], None)"
4921,"([None, None, None], None)"
4922,"([None, None, None], None)"
4923,"(['2009 Gross Computer / Ernst Treppenbau ', ['/impressum'], None], 'Zum Pfarrboden 4 35099 Burgwald/Bottendorf')"
4924,"(['Sensorik, das auf großes Interesse stieß.Hier geht es zur Bildergalerie > \xa0Hans-Georg Hof/CEO„Wir sind sehr zufrieden mit der Resonanz und merken, hinsichtlich unseres innovativen Know-hows deutlich wie unsere Arbeit wertgeschätzt wird.“Es ist so weit: Unsere neue Website ist onlineEs ist geschafft!\rNach einer spannenden und arbeitsreichen Zeit wurde die HOF Website umfassend überarbeitet. Im frischen und moderneren Design präsentiert sich nun der neue Internetauftritt.Ziel von HOF war es, den neuen Auftritt, einerseits zeitgemäßer zu gestalten und gleichzeitig die jeweiligen Zielgruppen einfach, schnell und auf interessante Art und Weise zur gewünschten Information zu leiten.Neben einem kreativen und zeitgemäßen Look, wurden u.a. auch neue digitale Tools integriert, wie z.B. Video Tracks und die neue Website wurde natürlich unter Responsive Webdesign konzipiert.Mit dem neuen Internet-Auftritt wurde ein umfassendes Informationsportal geschaffen, auf dem HOF in Zukunft aufbauen kann, um Kunden und Interessenten optimal mit wichtigen und aktuellen Informationen versorgen zu können.Wir wünschen Ihnen viel Spaß beim Erkunden unserer neuen Website und freuen uns, wenn Sie uns in Zukunft öfter hier besuchen.\xa0Michael Grebe„Es ist für uns nicht selbstverständlich mit einem Kunden so kreativ zusammenarbeiten zu können. Für dieses Vertrauen möchte ich mich bei HOF ausdrücklich bedanken!“\r', ['impressum/'], None], 'Ludwig-Rinn-Str. 1-3 35102 Lohra')"
4925,"([None, None, None], None)"
4926,"([None, None, None], None)"
4927,"([None, None, None], None)"
4928,"(['Copyright 2013 – Schäfers Backstuben GmbH  - powered by Schaefers-Backstuben WordPress Theme', ['https://www.schaefers-backstuben.de/unternehmen/impressum/'], None], 'NO!')"
4929,"([' 2006-2018 www.scheld-bau.de', ['/impressum.html'], None], 'Sennerweg 2 35216 Biedenkopf')"
4930,"(['PAGE TITLE: AllinOne PersonalService GmbH - Startseite', [None], None], None)"
4931,"([None, None, None], None)"
4932,"([None, None, None], None)"
4933,"(['PAGE TITLE: MJM Metallverarbeitung Mangner GmbH', ['https://mjm-metallverarbeitung.de/kontakt/impressum/'], None], 'NO!')"
4934,"(['2018 THEIS Feinwerktechnik · Alle Rechte vorbehalten.', ['/impressum'], None], 'Zum Bolzenbach 26 35236 Breidenbach-Wolzhausen')"
4935,"([None, None, None], None)"
4936,"(['PAGE TITLE: Hentrich GmbH', ['./html/impressum.html'], None], 'NO!')"
4937,"([None, None, None], None)"
4938,"(['PAGE TITLE: Home - Seipp & Kehl', ['/impressum/'], None], ' 06634 - 96 00 - 0')"
4939,"([None, None, None], None)"
4940,"(['INTOS ELECTRONIC AG ® +49 (0)641 / 9726-0 ', ['https://www.intos.de/impressum'], None], 'NO!')"
4941,"([None, None, None], None)"
4942,"([None, None, None], None)"
4943,"([None, None, None], None)"
4944,"([None, None, None], None)"
4945,"([None, None, None], None)"
4946,"([None, None, None], None)"
4947,"(['PAGE TITLE: ekom21 - KGRZ Hessen. Die Zukunft der Verwaltung.', ['/meta/impressum/'], None], 'Carlo-Mierendorff-Straße 11 35398 Gießen')"
4948,"(['PAGE TITLE: Startseite ', [None], None], None)"
4949,"(['BRANOpac. All rights reserved', ['/de/impressum/'], None], 'Gottlieb-Daimler-Straße 18-20 D-35423 Lich')"
4950,"(['PAGE TITLE: WOLF Verpackungsmaschinen GmbH -   ', ['wolf-impressum/'], None], 'NO!')"
4951,"(['GTD Graphit Technologie GmbH \xa02018', ['kontakt/impressum.html'], None], 'Raiffeisenstraße 1 D-35428 Langgöns')"
4952,"(['PAGE TITLE: ibo.de: Beratung Training Software', ['/footer/impressum.html'], None], 'NO!')"
4953,"([None, None, None], None)"
4954,"(['PAGE TITLE: Hock Sachsen - under construction', ['impressum.html'], None], 'Am Gewerbepark 7 08344 Grünhain-Beierfeld')"
4955,"([None, None, None], None)"
4956,"([None, None, None], None)"
4957,"(['Copyright 2017 Bänninger Kunststoff-Produkte GmbH. Alle Rechte vorbehalten.Bänninger Kunststoff-Produkte GmbH | Bänningerstraße 1 | 35447 Reiskirchen | Germany | Telefon\xa0 +49 (0) 6408 89-0 | Telefax +49 (0) 6408 6756', ['/impressum.html'], None], 'Friedrichstraße 19 35469 Allendorf (Lumda)')"
4958,"(['PAGE TITLE: Webmail42 :: Welcome to Webmail42', [None], None], None)"
4959,"(['PAGE TITLE: tci GmbH', ['/impressum/'], None], 'Ludwig-Rinn-Straße 10-14 D-35452 Heuchelheim / Giessen')"
4960,"([None, None, None], None)"
4961,"(['PAGE TITLE: SPEA: Über uns', [None], None], None)"
4962,"([None, None, None], None)"
4963,"([None, None, None], None)"
4964,"(['2014-2018| Süss Oberflächentechnik GmbH, Wetzlar | Tel. 06441-9451-0 | info@suess-galvanik.de', ['impressum.php'], None], 'Falkenstrasse 24a 35576 Wetzlar')"
4965,"([None, None, None], None)"
4966,"(['VIAOPTICImpressum', ['https://www.viaoptic.de/inhalt/kontakt/impressum.html'], None], 'NO!')"
4967,"([None, None, None], None)"
4968,"([None, None, None], None)"
4969,"(['PAGE TITLE: ', ['https://www.schaum-net.de/impressum/'], None], 'NO!')"
4970,"([None, None, None], None)"
4971,"(['Brückmann Elektronik GmbH', ['/impressum/'], None], 'NO!')"
4972,"(['2010 - 2018 Janitza electronics GmbH. Alle Rechte vorbehalten.', ['impressum.html'], None], 'Vor dem Polstück 6 35633 Lahnau, Germany')"
4973,"([None, None, None], None)"
4974,"([None, None, None], None)"
4975,"(['2017 Eisenberger. Alle Rechte vorbehalten.CookiesUm unsere Webseite für Sie optimal zu gestalten und fortlaufend verbessern zu können, verwenden wir Cookies.Cookies zulassenNur notwendige Cookies zulassenIhre Auswahl wurde gespeichert!Was sind Cookies?HilfeNachfolgend erhalten Sie eine Erläuterung der verschiedenen Optionen und ihrer Bedeutung.Cookies zulassen:Wir setzen Google Analytics ein, um Besucher-Informationen wie z.B. Browser, Land, oder die Dauer, wie lange ein Benutzer auf unserer Seite verweilt, zu messen. Ihre IP-Adresse wird anonymisiert übertragen, die Verbindung zu Google ist verschlüsselt.Nur notwendige Cookies zulassen:Wir verzichten auf den Einsatz von Google Analytics. Es werden jedoch technisch notwendige Cookies gesetzt.Sie können Ihre Cookie-Einstellung jederzeit hier ändern: Datenschutz.Zurück  jQuery(document).ready(function() {jQuery.BorlabsCookie.init({""ajaxURL"":""https:\\/\\/eisenberger.de\\/wp-admin\\/admin-ajax.php"",""cookieBoxIsAlwaysDisplayed"":false,""cookieBoxBlocks"":false,""cookieRespectDoNotTrack"":false,""codeCookieThirdParty"":""PCEtLSBHbG9iYWwgc2l0ZSB0YWcgKGd0YWcuanMpIC0gR29vZ2xlIEFuYWx5dGljcyAtLT4KPHNjcmlwdCBhc3luYyBzcmM9Imh0dHBzOi8vd3d3Lmdvb2dsZXRhZ21hbmFnZXIuY29tL2d0YWcvanM\\/aWQ9VUEtMTE5MjQ3MjMxLTEiPjwvc2NyaXB0Pgo8c2NyaXB0Pgp2YXIgZGlzYWJsZVN0ciA9ICdnYS1kaXNhYmxlLVVBLTExOTI0NzIzMS0xJzsKaWYgKGRvY3VtZW50LmNvb2tpZS5pbmRleE9mKGRpc2FibGVTdHIgKyAnPXRydWUnKSA+IC0xKSB7CiAgICB3aW5kb3dbZGlzYWJsZVN0cl0gPSB0cnVlOwp9Cgp3aW5kb3cuZGF0YUxheWVyID0gd2luZG93LmRhdGFMYXllciB8fCBbXTsKZnVuY3Rpb24gZ3RhZygpe2RhdGFMYXllci5wdXNoKGFyZ3VtZW50cyk7fQpndGFnKCdqcycsIG5ldyBEYXRlKCkpOwoKZ3RhZygnY29uZmlnJywgJ1VBLTExOTI0NzIzMS0xJywgeyAnYW5vbnltaXplX2lwJzogdHJ1ZSB9KTsKPC9zY3JpcHQ+"",""codeCookieFirstParty"":"""",""codeFacebookPixel"":"""",""cookieLifetime"":365,""executeFirstPartyCodeOnThirdParty"":false,""cookiesForBots"":true,""googleAnalyticsId"":""UA-119247231-1"",""facebookPixelId"":""""});}); /* <![CDATA[ */ var wpcf7 = {""apiSettings"":{""root"":""https:\\/\\/eisenberger.de\\/wp-json\\/contact-form-7\\/v1"",""namespace"":""contact-form-7\\/v1""},""recaptcha"":{""messages"":{""empty"":""Bitte best\\u00e4tige, dass du keine Maschine bist.""}},""cached"":""1""}; /* ]]> */                var metaslider_1127 = function($) {', ['https://eisenberger.de/impressum/'], None], 'NO!')"
4976,"([None, None, None], None)"
4977,"(['PAGE TITLE: CLOOS: Startseite', ['/de-de/kontakt/impressum/'], None], 'NO!')"
4978,"([None, None, None], None)"
4979,"([None, None, None], None)"
4980,"(['PAGE TITLE: InterRed - Content Management und Redaktionssystem', [None], None], None)"
4981,"([None, None, None], None)"
4982,"([None, None, None], None)"
4983,"([None, None, None], None)"
4984,"([None, None, None], None)"
4985,"([None, None, None], None)"
4986,"([None, None, None], None)"
4987,"([None, None, None], None)"
4988,"(['2018 All rights reserved. FEIG ELECTRONIC ', ['/impressum/'], None], 'Lange Straße 4, D-35781 Weilburg')"
4989,"([None, None, None], None)"
4990,"([None, None, None], None)"
4991,"(['PAGE TITLE: Musik und Videos', [None], None], None)"
4992,"(['2015-2018\xa0RhönEnergie Fulda GmbH', ['/impressum'], None], 'NO!')"
4993,"(['Frucht Hartmann GmbH', [None], None], None)"
4994,"(['PAGE TITLE: JUCHHEIM Kunststoffenster', ['/de_DEJU/unternehmen/impressum.html'], None], 'Hermann-Muth-Str. 2 36039 Fulda')"
4995,"([None, None, None], None)"
4996,"([None, None, None], None)"
4997,"([None, None, None], None)"
4998,"(['', ['https://www.autohaus-krah-enders.de/rechtliches/impressum/'], None], 'NO!')"
4999,"([None, None, None], None)"
5000,"([None, None, None], None)"
5001,"([None, None, None], None)"
5002,"(['2018 thomas beteiligungen GmbH | letzte Änderung:\xa004.10.2018 ', ['unternehmensgruppe/quicklinks/impressum/'], None], 'Industriestraße 14 36088 Hünfeld')"
5003,"([None, None, None], None)"
5004,"([None, None, None], None)"
5005,"(['2018. Boart Longyear.', [None], None], None)"
5006,"(['PAGE TITLE: desoi.de', ['impressum.html'], None], 'Gewerbestraße 16 36148 Kalbach/Rhön')"
5007,"([None, None, None], None)"
5008,"([None, None, None], None)"
5009,"(['PAGE TITLE: Home\xa0 - BKK Akademie', ['impressum/'], None], 'Am Alten Feld 30 36199 Rotenburg an der Fulda')"
5010,"(['PAGE TITLE: Start ', ['/kontakt/impressum/'], None], 'Schützenweg 3 D - 36205 Sontra')"
5011,"(['PAGE TITLE: KRUG - Internationale Spedition und Handelsgesellschaft mbH', ['https://www.krug-gruppe.de/impressum/'], None], 'NO!')"
5012,"([None, None, None], None)"
5013,"(['PAGE TITLE: Welcome to web04', [None], None], None)"
5014,"([None, None, None], None)"
5015,"(['PAGE TITLE: Start', ['/top/impressum.html'], None], 'Fuldastraße 24 D-36251 Bad Hersfeld')"
5016,"([None, None, None], None)"
5017,"(['GV Management GmbH', ['/impressum/'], None], 'Im Gewerbegebiet 29 36289 Friedewald')"
5018,"(['Copyright Bell Equipment. Alle Rechte vorbehalten. ', [None], None], None)"
5019,"(['PAGE TITLE: Diegel Creative Coatings', ['https://www.diegel.de/de/impressum.asp'], None], 'NO!')"
5020,"([None, None, None], None)"
5021,"(['2018 B+T Group Nutzungshinweise Datenschutz Impressum', ['/impressum/'], None], 'Industriepark Ost II 36304 Alsfeld')"
5022,"(['PAGE TITLE: JD ', ['/impressum/'], None], 'NO!')"
5023,"(['2009-2018 by the Froxlor Team', [None], None], None)"
5024,"([None, None, None], None)"
5025,"(['PAGE TITLE: Herzlich Willkommen - Rehaklinik NATURANA', ['https://www.rehaklinik-naturana.de/index.php?page=impressum'], None], 'NO!')"
5026,"(['PAGE TITLE: konsoleH :: Login', ['http://www.hetzner.de/hosting/legal/impressum'], None], 'NO!')"
5027,"(['Copyright 2017 by Holzbau Lins - Produced by Hölzer KommunikationImpressum Datenschutz  ', ['https://holzbau-lins.de/ueber-uns/impressum/'], None], 'NO!')"
5028,"([None, None, None], None)"
5029,"(['2018 SICO D.&E. SIMON GmbH // Mit Präzision zum guten Ergebnis', ['versteckte-seiten/impressum.html'], None], 'Industriegebiet West D-36396 Steinau a. d. Straße')"
5030,"(['PAGE TITLE: FEHL+SOHN ', ['https://fehlundsohn.de/impressum/'], None], 'NO!')"
5031,"(['PAGE TITLE: Startseite', ['/index.php/de/impressum'], None], 'Am kleinen Sand 1 36419 Buttlar')"
5032,"([None, None, None], None)"
5033,"(['2018 REFORM Elektromotorenbau GmbH & Co. KG. Alle Rechte vorbehalten.', ['/index.php/impressum'], None], 'NO!')"
5034,"(['PAGE TITLE: Bäckerei Küster in Göttingen - Einzigartig! - Bäckerei Küster', [None], None], None)"
5035,"([None, None, None], None)"
5036,"([None, None, None], None)"
5037,"(['2014 BONO Gruppe -  Alle Rechte vorbehalten', ['http://www.bono24.de/impressum'], None], 'Große Breite 4 37077 Göttingen')"
5038,"(['PAGE TITLE: GWDG - GWDG - IT in der Wissenschaft', ['https://www.gwdg.de/impressum'], None], 'Am Faßberg 11 37077 Göttingen')"
5039,"(['PAGE TITLE: Häusliche Kinderkrankenpflege Göttingen gemeinnützige GmbH', ['http://www.kimbu-goettingen.de/impressum/'], None], 'NO!')"
5040,"([None, None, None], None)"
5041,"([None, None, None], None)"
5042,"(['PAGE TITLE: Tagungshotel Göttingen in Niedersachsen ', ['/impressum/'], None], 'NO!')"
5043,"([None, None, None], None)"
5044,"([None, None, None], None)"
5045,"([None, None, None], None)"
5046,"([None, None, None], None)"
5047,"([None, None, None], None)"
5048,"([None, None, None], None)"
5049,"([None, None, None], None)"
5050,"([None, None, None], None)"
5051,"(['PAGE TITLE: TILCH ', ['impressum.html'], None], 'Sudheimer Straße 20 37154 Northeim')"
5052,"([None, None, None], None)"
5053,"([None, None, None], None)"
5054,"([None, None, None], None)"
5055,"([None, None, None], None)"
5056,"([None, None, None], None)"
5057,"([None, None, None], None)"
5058,"([None, None, None], None)"
5059,"([None, None, None], None)"
5060,"([None, None, None], None)"
5061,"([None, None, None], None)"
5062,"(['PAGE TITLE: Willkommen bei becker...', [None], None], None)"
5063,"(['2010 Balzerborn Kliniken Bad Sooden-Allendorf GmbH |Internet-Realisation, Design, Content-Management: LYNET Kommunikation', ['/impressum/index.html'], None], 'NO!')"
5064,"(['PAGE TITLE: Colisit - \xa0Schmelztiegel, Schamotte, hochtonerdehaltige Formteile', ['impressum/'], None], 'Dieter-Liphardt-Str. 9-11 37247 Großalmerode-Epterode')"
5065,"(['PAGE TITLE: Altes Forsthaus Germerode', [None], None], None)"
5066,"([None, None, None], None)"
5067,"(['\xa0Eichsfeldwerke GmbH\xa02018         ', ['/impressum/'], None], 'Philipp-Reis-Straße 2 37308 Heilbad Heiligenstadt')"
5068,"([None, None, None], None)"
5069,"([None, None, None], None)"
5070,"(['2018', ['http://www.eichsfelder-altenheime.de/impressum/'], None], 'NO!')"
5071,"([None, None, None], None)"
5072,"(['2017 HERFAG Elektrotechnik GmbH', ['https://www.herfag.de/impressum'], None], 'NO!')"
5073,"([None, None, None], None)"
5074,"(['PAGE TITLE: Default Parallels Plesk Panel Page', [None], None], None)"
5075,"([None, None, None], None)"
5076,"([None, None, None], None)"
5077,"(['PAGE TITLE: no2.l-m-f.net', ['http://www.l-m-f.de/content/kontakt.php#impressum'], None], 'NO!')"
5078,"([' @ Kielholz-Rybicki | All Rights Reserved. | Impressum | Datenschutz ', ['impressum.html'], None], 'NO!')"
5079,"([None, None, None], None)"
5080,"(['PAGE TITLE: TAM Thüringer Agrartechnik und Maschinenbau GmbH aus Dingelstädt im Eichsfeld :', [None], None], None)"
5081,"([None, None, None], None)"
5082,"([None, None, None], None)"
5083,"([None, None, None], None)"
5084,"(['PAGE TITLE: Bernd Kunze GmbH ', ['https://www.kunze-blech.de/impressum.html'], None], 'Boschstraße 5 37412 Herzberg am Harz')"
5085,"([None, None, None], None)"
5086,"([None, None, None], None)"
5087,"([None, None, None], None)"
5088,"(['PAGE TITLE: elektroma ', ['/legal/impressum.php'], None], 'NO!')"
5089,"(['PMH - Personalmanagement Harz GmbH 2016\r', ['./index.php?page=impressum'], None], 'Dörgestraße 18−20 37520 Osterode am Harz')"
5090,"(['PAGE TITLE: IT-Dienstleistungen und IT-Services', ['http://www.it-mod.de/impressum/'], None], 'NO!')"
5091,"(['PAGE TITLE: Startseite - Temps Gmbh - Malereibetriebe', ['impressum.html'], None], 'TEMPS GMBH\nMALEREIBETRIEBE Hertzstraße\n1, 31535 Neustadt, Postfach 1460, 31522 Neustadt')"
5092,"(['Saxonia GmbH', ['/impressum'], None], 'NO!')"
5093,"([None, None, None], None)"
5094,"(['PAGE TITLE: HBB ', ['http://www.e-recht24.de/impressum-generator.html'], None], 'NO!')"
5095,"(['PAGE TITLE: Startseite', ['/stadtwerke_holzminden/kontakt/impressum.htm'], None], 'Rehwiese 28 37603 Holzminden')"
5096,"([None, None, None], None)"
5097,"([None, None, None], None)"
5098,"(['Copyright 2018 • Getränke Waldhoff GmbH & Co. KG • Alle Rechte vorbehalten.', ['https://www.waldhoff.de/impressum/'], None], 'NO!')"
5099,"([None, None, None], None)"
5100,"(['2018 ISR Information Products AG\xa0---Impressum---Datenschutz---', ['/unternehmen/impressum'], None], 'St.-Martin-Str. 64 81541 München')"
5101,"(['PAGE TITLE: Känguruh.net Webmailer :: Willkommen bei Känguruh.net Webmailer', [None], None], None)"
5102,"(['PAGE TITLE: Digitale Transformation: IT-Dienstleistungen AUEL EDV-Beratung GmbH', ['impressum'], None], 'Wendentorwall 10 38100 Braunschweig')"
5103,"(['PAGE TITLE: Graff.de :\xa0Buchhandlung Graff in Braunschweig', ['/impressum.html'], None], 'NO!')"
5104,"(['PAGE TITLE: Rheingold', [None], None], None)"
5105,"([None, None, None], None)"
5106,"(['fme 2018', ['https://www.fme.de/imp/impressum/'], None], 'NO!')"
5107,"(['2018 Wilhelm Ewe GmbH & Co. KG', ['/unternehmen/impressum/'], None], 'Volkmaroder Str. 19 38104 Braunschweig')"
5108,"(['GOD mbH. Alle Rechte vorbehalten designed-4u', ['https://www.god.de/god/impressum/'], None], 'NO!')"
5109,"([None, None, None], None)"
5110,"(['PAGE TITLE: Systemlieferant für Qualitätswerkzeuge - Perschmann GmbH', ['https://www.perschmann.de/perschmann-gruppe/impressum/'], None], 'NO!')"
5111,"(['PAGE TITLE: BEL NET - Wir verbinden IT und Elektrohandwerk', ['/unternehmen/rechtliches/impressum/'], None], 'NO!')"
5112,"([None, None, None], None)"
5113,"([None, None, None], None)"
5114,"([None, None, None], None)"
5115,"([None, None, None], None)"
5116,"(['PAGE TITLE: TILL.DE - Ihre Internetagentur aus Braunschweig', ['impressum.html'], None], 'Heesfeld 12 38112 Braunschweig')"
5117,"([None, None, None], None)"
5118,"([None, None, None], None)"
5119,"(['2018\xa0Stautmeister Braunschweiger Rolläden- und Markisenbau GmbH', ['impressum0.html'], None], 'NO!')"
5120,"([None, None, None], None)"
5121,"([None, None, None], None)"
5122,"([None, None, None], None)"
5123,"(['PAGE TITLE: bretschneider.de', ['/de/kontakt/impressum/'], None], 'Pippelweg 43 D-38120 Braunschweig')"
5124,"(['ckc group \xa02018', [None], None], None)"
5125,"(['alta. All rights reserved. ', ['/impressum/'], None], 'NO!')"
5126,"([None, None, None], None)"
5127,"([None, None, None], None)"
5128,"(['2013-2017 ACTIA\xa0I+ME GmbH. All Rights Reserved.', ['/index.php/de/impressum.html'], None], 'Dresdenstr. 17/18 38124 Braunschweig')"
5129,"([None, None, None], None)"
5130,"(['PAGE TITLE: Start', [None], None], None)"
5131,"(['2018 Die Johanniter', ['einrichtungen/altenpflegeeinrichtungen/impressum-jobe/impressum/'], None], 'NO!')"
5132,"(['PAGE TITLE: Krupp Verlag - Sinzig', ['https://www.kruppverlag.de/index.php?site=impressum'], None], 'NO!')"
5133,"([None, None, None], None)"
5134,"(['1st solution consulting gmbh', ['impressum'], None], 'NO!')"
5135,"([None, None, None], None)"
5136,"(['PAGE TITLE: andieh.de version 3', [None], None], None)"
5137,"(['Folex 2018', [None], None], None)"
5138,"(['2018 FLAD & FLAD Communication GmbH\tImpressumDatenschutzAGB', ['fusszeile/impressum/'], None], 'NO!')"
5139,"([None, None, None], None)"
5140,"([None, None, None], None)"
5141,"([""Dieser Text stammt von der Webseite www.pa-salzgitter.de und ist urheberrechtlich geschützt. Kopieren und weiterverwenden ist ohne Zustimmung des Unternehmens untersagt. Aufgedeckte Verstöße werden strafrechtlich verfolgt.';"", ['/de/impressum'], None], 'NO!')"
5142,"([None, None, None], None)"
5143,"([None, None, None], None)"
5144,"([None, None, None], None)"
5145,"(['FISCHER DRUCK GmbH ', ['https://fischerdruck-peine.de/impressum/'], None], 'NO!')"
5146,"(['PAGE TITLE: Baustoff Brandes: Baustoff Brandes - Ihr Baustoff-Experte aus Peine', ['footermenue/impressum/'], None], 'NO!')"
5147,"([None, None, None], None)"
5148,"(['PAGE TITLE: Kirschke Fliesen GmbH : Baustelle', ['impressum.html'], None], 'Lesser Weg 2 38272 Burgdorf')"
5149,"(['PAGE TITLE: Busreisen, Flugreisen: Beliebteste Ziele in Deutschland', ['/kontakt/impressum/'], None], 'NO!')"
5150,"(['PAGE TITLE: -- Carl Schumacher - Bauunternehmen --', [None], None], None)"
5151,"(['2018 Kümper + Schwarze | Baubetriebe GmbH  ', ['https://www.kuemper-schwarze.de/impressum/'], None], 'NO!')"
5152,"(['2018 Stadtwerke Wolfenbüttel', ['/impressum.html'], None], 'NO!')"
5153,"(['PAGE TITLE: Home\xa0-\xa0Fischer Fenster + Türen GmbH', ['allgemein/impressum/'], None], 'Am Wannekop 11 38315 Schladen OT Isingerode')"
5154,"([None, None, None], None)"
5155,"(['Webseiten erstellen durch die Schlütersche Verlagsgesellschaft mbH & Co. KG\xa0 | \xa0PSG Straßenbau GmbH in Gelbe Seiten', ['/impressum'], None], 'NO!')"
5156,"([None, None, None], None)"
5157,"([None, None, None], None)"
5158,"(['PAGE TITLE: BBG Peine', ['/impressum/disclaimer'], None], 'Woltorfer Straße 57/59 31224 Peine')"
5159,"([None, None, None], None)"
5160,"(['2009 Parallels GmbH', [None], None], None)"
5161,"([None, None, None], None)"
5162,"([None, None, None], None)"
5163,"([None, None, None], None)"
5164,"([None, None, None], None)"
5165,"([None, None, None], None)"
5166,"([None, None, None], None)"
5167,"(['2018 Alle Rechte vorbehalten ', ['https://www.leifert.de/impressum/'], None], 'NO!')"
5168,"([None, None, None], None)"
5169,"(['PAGE TITLE: elektro-stiller.de', ['informationen/impressum.html'], None], 'Chemnitzer Straße 3 30952 Ronnenberg')"
5170,"(['PAGE TITLE: Home', ['impressum.html'], None], 'NO!')"
5171,"([None, None, None], None)"
5172,"([None, None, None], None)"
5173,"(['2016 Innovative Qualitäts-Kosmetik produziert von CARE_FULL COLOURS\t\t\t\t\t\t\t\t\t', ['http://www.carefullcolours.de/impressum/'], None], 'NO!')"
5174,"(['PAGE TITLE: Bücher kaufen auf Rechnung ', [None], None], None)"
5175,"([None, None, None], None)"
5176,"([None, None, None], None)"
5177,"([None, None, None], None)"
5178,"([None, None, None], None)"
5179,"([None, None, None], None)"
5180,"([None, None, None], None)"
5181,"(['PAGE TITLE: CGIWrap Error: User not found', [None], None], None)"
5182,"(['PAGE TITLE: Startup', [None], None], None)"
5183,"(['2009-2018 by the Froxlor Team', [None], None], None)"
5184,"([None, None, None], None)"
5185,"(['derhub. | Impressum | Datenschutzerklärung ', ['/impressum'], None], 'NO!')"
5186,"([None, None, None], None)"
5187,"(['PAGE TITLE: Startseite - BAUER GmbH', ['/impressum/'], None], 'Eichendorffstr. 62 46354 Südlohn')"
5188,"(['PAGE TITLE: Partner Bau Ingenieurgesellschaft mbH: Home', ['impressum.html'], None], 'Beethovenstr. 2 38820 Halberstadt')"
5189,"(['Gmyrek Fleisch- und Wurstwaren 2018', ['https://www.gmyrek.de/impressum.html'], None], 'NO!')"
5190,"([None, None, None], None)"
5191,"([None, None, None], None)"
5192,"(['PAGE TITLE: \n\t\t\tStadtwerke Wernigerode\n\t\t', [None], None], None)"
5193,"([""PAGE TITLE: Always more than you'd expect - Die europäische Spitze des Preprint-Marktes - Christiansen Print"", ['footer/impressum/'], None], 'Trift 4 38871 Ilsenburg')"
5194,"([None, None, None], None)"
5195,"(['2015 MDCC Magdeburg-City-Com GmbH', ['impressum'], None], 'Weitlingstraße 22 39104 Magdeburg')"
5196,"(['2018 Magdeburger Mühlenwerke GmbH', ['http://www.magdeburger-muehle.de/impressum.html'], None], 'NO!')"
5197,"(['2009-2018 Kirby ', ['https://www.cf.md/impressum'], None], 'NO!')"
5198,"(['PAGE TITLE: Magdeburger Wach- und Schließgesellschaft sicherheitsdienst sicherheit security', ['/impressum'], None], 'Klausenerstraße 42 39112 Magdeburg')"
5199,"(['PAGE TITLE: Diese Domain wurde vorübergehend deaktiviert.', [None], None], None)"
5200,"(['Stahlbau Magdeburg GmbH 2018', ['/impressum.html'], None], 'Berliner Chaussee 106-112 39114 Magdeburg')"
5201,"([None, None, None], None)"
5202,"([None, None, None], None)"
5203,"([None, None, None], None)"
5204,"([None, None, None], None)"
5205,"(['PAGE TITLE: Magdeburger Hafen GmbH', ['de/impressum.html'], None], 'Bleckenburgstraße 11a 39104 Magdeburg')"
5206,"([None, None, None], None)"
5207,"(['2018 Toepel Bauunternehmung GmbH', ['impressum'], None], 'Bülstringer Straße 20 39126 Magdeburg')"
5208,"(['DMK GROUP 2018', ['/footer/impressum/'], None], 'Industriestraße 27 27404 Zeven')"
5209,"(['PAGE TITLE: Aktuelles - News ', [None], None], None)"
5210,"([None, None, None], None)"
5211,"(['PAGE TITLE: Startseite\xa0', ['/impressummenue/impressum.html'], None], 'Otto-von-Guericke-Allee 12 39179 Barleben')"
5212,"([None, None, None], None)"
5213,"([None, None, None], None)"
5214,"([None, None, None], None)"
5215,"([None, None, None], None)"
5216,"(['2015', ['impressum.html'], None], 'Friedrichstraße 117 39218 Schönebeck (Elbe)')"
5217,"([None, None, None], None)"
5218,"([None, None, None], None)"
5219,"([None, None, None], None)"
5220,"([None, None, None], None)"
5221,"([None, None, None], None)"
5222,"(['IFA Group \xa02018', ['https://ifa-group.com/impressum/'], None], 'NO!')"
5223,"([None, None, None], None)"
5224,"([""OpenStreetMap contributors</a>'});"", ['/de/impressum'], None], 'Platz der Jugend 5 D-39356 Weferlingen')"
5225,"([None, None, None], None)"
5226,"([None, None, None], None)"
5227,"([None, None, None], None)"
5228,"(['2018 by Betreuungsverein Borken e.V. - Realisiert durch heskamp-medien.de', ['https://www.betreuungsverein-borken.de/impressum/'], None], 'NO!')"
5229,"(['2013-2018 Elgos GmbH Elektroanlagenbau', ['http://www.elgos.de/index.php/impressum'], None], 'NO!')"
5230,"([None, None, None], None)"
5231,"([None, None, None], None)"
5232,"([None, None, None], None)"
5233,"([None, None, None], None)"
5234,"(['2018 ABS\xa0\xa0\xa0\xa0\xa0\xa0\r', ['abs_impressum.html'], None], 'Atzendorfer Str. 19 39418 Staßfurt')"
5235,"([' document.write(new Date().getFullYear()); \xa0Bischoff Federnwerk und Nutzfahrzeugteile GmbH', ['?go=impressum'], None], 'Am Silberfeld 1 D-39418 Staßfurt')"
5236,"([None, None, None], None)"
5237,"([None, None, None], None)"
5238,"([None, None, None], None)"
5239,"(['PAGE TITLE: ZOO & Co. Tierbedarf - Hier finden Sie alles für Ihr Haustier!', ['impressum/'], None], 'Eugen-Richter-Str. 1 34131 Kassel')"
5240,"(['PAGE TITLE: Möller-Industrietechnik GmbH und Möller-Metalldichtungen GmbH', [None], None], None)"
5241,"(['PAGE TITLE: Home', ['impressum.html'], None], 'Schönberger Weg 1 – 2 D-39539 Havelberg')"
5242,"([None, None, None], None)"
5243,"(['PAGE TITLE: MINDA - Minda Industrieanlagen GmbH', ['de_kontakt_impressum.html'], None], 'Hans-Böckler-Str. 24 32423 Minden')"
5244,"(['Flachglas Nord-Ost', ['impressum/'], None], 'Am Schaugraben 1 39606 Osterburg')"
5245,"([None, None, None], None)"
5246,"([None, None, None], None)"
5247,"(['PAGE TITLE: GBC Webmail - Login', [None], None], None)"
5248,"([None, None, None], None)"
5249,"([None, None, None], None)"
5250,"([None, None, None], None)"
5251,"(['PAGE TITLE: Willkommen bei Copeo - der Saftvielfalt vom Niederrhein', ['seiten/impressum_analytics.html'], None], 'NO!')"
5252,"([None, None, None], None)"
5253,"(['PAGE TITLE: Jaensch GmbH - Malerarbeiten Bonn und Düsseldorf', [None], None], None)"
5254,"([None, None, None], None)"
5255,"([None, None, None], None)"
5256,"([None, None, None], None)"
5257,"(['2018 fotokoch.de\r ', [None], None], None)"
5258,"([None, None, None], None)"
5259,"([None, None, None], None)"
5260,"([None, None, None], None)"
5261,"([None, None, None], None)"
5262,"(['Michael Page International (Deutschland) GmbH | Carl-Theodor-Straße 1 | 40213 Düsseldorf | HRB Düsseldorf 56631, USt-IdNr. DE162195971 | Geschäftsführer: Goran Barić, Kelvin Stagg, Elaine Marriner', ['/impressum'], None], 'NO!')"
5263,"([None, None, None], None)"
5264,"([None, None, None], None)"
5265,"(['2018 TWT Digital Group. All rights reserved', ['impressum.html'], None], 'NO!')"
5266,"([None, None, None], None)"
5267,"([None, None, None], None)"
5268,"([None, None, None], None)"
5269,"([None, None, None], None)"
5270,"(['PAGE TITLE: DMS - Behrens & Schuleit ', ['/impressum'], None], 'Postfach: 101542 40006 Düsseldorf')"
5271,"([None, None, None], None)"
5272,"(['PAGE TITLE: Pflegeeinrichtung Senioren-Wohnpark Düsseldorf Volksgarten', ['/impressum/'], None], 'Industriestraße 94 40227 Düsseldorf')"
5273,"([None, None, None], None)"
5274,"(['Copyright 2014 - Auto-Bayertz GmbH       ', ['/impressum'], None], 'Lierenfelder Straße 57 40231 Düsseldorf')"
5275,"([None, None, None], None)"
5276,"(['PAGE TITLE: Home', ['impressum/'], None], 'Birkenstraße 133 40233 Düsseldorf')"
5277,"([None, None, None], None)"
5278,"(['PAGE TITLE: BEW - Das Bildungszentrum für die Ver- und Entsorgungswirtschaft GmbH', ['/impressum.html'], None], 'NO!')"
5279,"(['1997-2018', ['/impressum'], None], 'Wolters Reisen GmbH Bremer Straße 61, 28816 Stuhr, Deutschland')"
5280,"(['VDI e.V.\r', ['/meta-navigation/impressum/'], None], 'NO!')"
5281,"(['VDI Technologiezentrum GmbH', ['/impressum/'], None], 'VDI Technologiezentrum GmbH Postfach 10 11 39, D-40002 Düsseldorf')"
5282,"([None, None, None], None)"
5283,"([None, None, None], None)"
5284,"([None, None, None], None)"
5285,"(['PAGE TITLE: SCREEN SPE Germany - Home', [None], None], None)"
5286,"(['PAGE TITLE: Startseite - RGM Holding GmbH', ['impressum/'], None], 'Hansastraße 95 44137 Dortmund')"
5287,"([None, None, None], None)"
5288,"(['PAGE TITLE: Galderma', ['/impressum'], None], 'NO!')"
5289,"(['PAGE TITLE: IDW', ['https://www.idw.de/idw/impressum'], None], 'NO!')"
5290,"([None, None, None], None)"
5291,"(['PAGE TITLE: ', ['/impressum/'], None], 'Toulouser Allee 4 40211 Düsseldorf')"
5292,"([None, None, None], None)"
5293,"([None, None, None], None)"
5294,"([None, None, None], None)"
5295,"(['1st solution consulting gmbh', ['impressum'], None], 'NO!')"
5296,"([None, None, None], None)"
5297,"(['2018 Kassenärztliche Vereinigung Nordrhein', ['https://www.kvno.de50kontakt/50impressum/index.html'], None], 'NO!')"
5298,"(['PAGE TITLE: Werden Sie zum Richtigparker! ', ['/de/statische-seite/impressum'], None], 'NO!')"
5299,"(['PAGE TITLE: Hier entsteht eine neue Webpräsenz', [None], None], None)"
5300,"(['PAGE TITLE: Euroweb Internet GmbH – Webseiten für den Mittelstand', ['https://www.euroweb.de/impressum/'], None], 'NO!')"
5301,"(['PAGE TITLE: Internet Online Media GmbH – Homepage erstellen lassen', ['https://www.internet-media.com/impressum/'], None], 'NO!')"
5302,"([None, None, None], None)"
5303,"([None, None, None], None)"
5304,"([None, None, None], None)"
5305,"([None, None, None], None)"
5306,"([None, None, None], None)"
5307,"([None, None, None], None)"
5308,"([None, None, None], None)"
5309,"(['PAGE TITLE:  BUCHER REISEN - Last Minute, Reisen, Urlaub & Meer ', ['https://www.bucher-reisen.de/impressum/'], None], 'NO!')"
5310,"(['2018 | Kunststoff Helmbrechts AGSitemapImpressumDatenschutzAGB', ['https://www.kh.de/impressum.html'], None], 'NO!')"
5311,"([None, None, None], None)"
5312,"(['2018 CSG FACILITIES\r', ['impressum.php'], None], 'Meerbuscher Str. 220 40670 Meerbusch')"
5313,"(['PAGE TITLE: Home Despec Deutschland - Despec Supplies', ['/de_DE/page/179/impressum/'], None], 'Fritz-Wendt-Str. 5 40670 Meerbusch')"
5314,"([None, None, None], None)"
5315,"([None, None, None], None)"
5316,"(['PAGE TITLE:  Home', ['de/impressum/'], None], 'Kriegerstraße 1E 30161 Hannover')"
5317,"([None, None, None], None)"
5318,"(['PAGE TITLE: SEIDEL GMBH: HOME', [None], None], None)"
5319,"([None, None, None], None)"
5320,"(['1999-2014. Parallels IP Holdings GmbH. All rights reserved.', [None], None], None)"
5321,"([None, None, None], None)"
5322,"(['PAGE TITLE: Center Parcs ', ['https://www.centerparcs.de/de-de/impressum_ms'], None], 'NO!')"
5323,"([None, None, None], None)"
5324,"(['Stadtwerke Hilden\r', ['/footernavigation/impressum.html'], None], 'Am Feuerwehrhaus 1 40724 Hilden')"
5325,"([None, None, None], None)"
5326,"([None, None, None], None)"
5327,"(['PAGE TITLE: Startseite - Wäscherei Wulff', ['impressum-32.html'], None], 'Paul-Ehrlich-Straße 7 29633 Munster')"
5328,"(['018 \r', ['/unternehmen/impressum/'], None], 'Scheibenstraße 6 29614 Soltau / Germany')"
5329,"(['PAGE TITLE: Komponenten aus Grobblech von Tamke Technics GmbH', ['11-impressum'], None], 'Willinger Weg 12-14 29614 Soltau')"
5330,"(['PAGE TITLE: Möhlmann Transporte, Soltau, Transportunternehmen', ['https://www.moehlmann-transporte.de/impressum/'], None], 'NO!')"
5331,"([None, None, None], None)"
5332,"(['PAGE TITLE: Dein Freizeitpark & Erlebnispark in Deutschland ', ['/infos/impressum.html'], None], 'NO!')"
5333,"(['2018 Christiansen Heimtex GmbH', ['soltau/impressum/'], None], 'Celler Str. 105 29614 Soltau')"
5334,"([""2018 Autohaus Winkelmann  | Fuchswild DesignImpressumDatenschutz  CallbackKontakt ProbefahrtAnsprechpartner  if(typeof jQuery == 'undefined' || typeof jQuery.fn.on == 'undefined') {"", ['https://www.autohaus-winkelmann.de/impressum/'], None], 'NO!')"
5335,"([None, None, None], None)"
5336,"([None, None, None], None)"
5337,"(['Copyright MacDermid, Inc. All Rights Reserved.', [None], None], None)"
5338,"(['2018 – EUROtops. Alle Rechte vorbehalten.', [None], None], None)"
5339,"([None, None, None], None)"
5340,"(['PAGE TITLE: Home - Axzion', ['https://www.axzion.de/impressum/'], None], 'NO!')"
5341,"(['PAGE TITLE: Tore von Inovator Schnelllauftore', ['/impressum.php'], None], 'Industriestraße 67 40764 Langenfeld')"
5342,"(['VITS TECHNOLOGY GMBH\r', ['/impressum/'], None], 'Winkelsweg 172 40764 Langenfeld')"
5343,"([None, None, None], None)"
5344,"(['PAGE TITLE: Startseite', ['impressum.html'], None], 'Gartenstr. 4-8 40822 Mettmann')"
5345,"(['PAGE TITLE: Startseite - Gebäudereinigung Reils & Wahl', ['https://www.reils-wahl.de/impressum/'], None], 'NO!')"
5346,"([None, None, None], None)"
5347,"(['PAGE TITLE: \r\n\tPromat Deutschland - Promat Brandschutz\r\n', ['/de-de/impressum'], None], 'Scheifenkamp 16 40878 Ratingen')"
5348,"([None, None, None], None)"
5349,"([None, None, None], None)"
5350,"([None, None, None], None)"
5351,"([None, None, None], None)"
5352,"([None, None, None], None)"
5353,"([None, None, None], None)"
5354,"([None, None, None], None)"
5355,"([None, None, None], None)"
5356,"(['2018 | Impressum', ['/e-mail-empfaenger-abteilung/impressum/'], None], 'Ludwig-Weber-Str. 13 41061 Mönchengladbach')"
5357,"(['Refresco Deutschland GmbH\r', ['service/impressum/'], None], 'Speicker Straße 2-8 D-41061 Mönchengladbach')"
5358,"(['2018 Die Johanniter', ['einrichtungen/krankenhaus/moenchengladbach/service-navigation/impressum/'], None], 'NO!')"
5359,"(['PAGE TITLE: Netpoint - IT für Unternehmen', ['/de/unternehmen/impressum/'], None], 'Korschenbroicher Straße 112 41065 Mönchengladbach')"
5360,"([None, None, None], None)"
5361,"(['PAGE TITLE: Günter Quade Elektroanlagen GmbH', [None], None], None)"
5362,"([None, None, None], None)"
5363,"(['PAGE TITLE: ', [None], None], None)"
5364,"(['PAGE TITLE: Hightech.', ['https://www.kimmel.de/de/impressum'], None], 'NO!')"
5365,"(['PAGE TITLE: Herzlich Willkommen im Auto-Centrum Walter Coenen - waltercoenen.de.', ['/impressum/'], None], '* Finanzierungsbeispiel Ford ECOSPORT 1.0 l, 74 kW (100 PS): Unser Kaufpreis 15.490,00 €, Anzahlung 1.963,51 €, Nettodarlehnsbetrag 13.525,49 €, 47 monatl. Raten a 119,– €, Kalkulierte Schlussrate 8.365,50 €, Gesamtdarlehnsbetrag 13.958,50 €, Gesamtbetrag inkl. Anzahlung 15.922,01 €, Laufzeit 48 Monate, Gesamtlaufleistung 40.000 km, Sollzinssatz p.a. (gebunden) 0,99 %, Effektiver Jahreszins 0,99 % Ford Bank Niederlassung FCE Bank plc, Josef-Lammerting-Allee 24-34, 50933 Köln. Bonität vorausgesetzt. Die Vermittlung erfolgt unabhängig. Widerrufsrecht nach § 495 BGB für Verbraucher.')"
5366,"(['2018, L. JANSEN GMBH & CO. KG BUNTPAPIERFABRIK ', [None], None], None)"
5367,"(['PAGE TITLE: Willkommen bei ELSIC', ['pages_de/allgemein/impressum.html'], None], 'NO!')"
5368,"([None, None, None], None)"
5369,"(['2009-2018 by the Froxlor Team', [None], None], None)"
5370,"(['PAGE TITLE: NoReVa - Home', [None], None], None)"
5371,"([None, None, None], None)"
5372,"(['PAGE TITLE: THS Telekommunikations Hard- und Software GmbH', [None], None], None)"
5373,"(['PAGE TITLE: Effertz Tore GmbH - Feuerschutz-Tore - Rauchschutz - Schallschutz, Hochwasserschutz: Startseite', ['impressum/impressum/'], None], 'Am Gerstacker 190 D-41238 Mönchengladbach')"
5374,"(['2018                                ', ['https://tks-service.de/impressum/'], None], 'NO!')"
5375,"([None, None, None], None)"
5376,"([None, None, None], None)"
5377,"([None, None, None], None)"
5378,"([None, None, None], None)"
5379,"([None, None, None], None)"
5380,"([None, None, None], None)"
5381,"([None, None, None], None)"
5382,"(['MELLERUD CHEMIE GMBH 2018  Versand|Zahlungsoptionen|AGB|Händler-Login|Datenschutz|Sitemap|Impressum', ['/impressum.html'], None], 'Bernhard-Röttgen-Waldweg 20 41379 Brüggen / Niederrhein')"
5383,"(['PAGE TITLE: Fetthersteller und Ölhersteller - Walter Rau AG', ['/de/impressum.php'], None], 'NO!')"
5384,"(['PAGE TITLE: BEST Anders. Besser. BEST. ', ['https://www.best2business.de/impressum.html'], None], 'Richard-Wagner-Straße 12 50674 Köln')"
5385,"(['PAGE TITLE: konsoleH :: Login', ['http://www.hetzner.de/hosting/legal/impressum'], None], 'NO!')"
5386,"(['PAGE TITLE: Technische Werke Schwedt', ['html/impressum.html'], None], 'Heinersdorfer Damm 55-57 16303 Schwedt/Oder')"
5387,"([None, None, None], None)"
5388,"([None, None, None], None)"
5389,"(['2018 KEYNES Planungsgesellschaft mbH ', ['impressum.htm'], None], 'Im Taubental 52 41468 Neuss')"
